run_id,type,timestep,recourse,cost,alpha
0,CFR (robust),0,0.992,5.819964513663323,0.3
0,CFR (robust),1,0.944,5.819964513663323,0.3
0,CFR (robust),2,0.924,5.819964513663323,0.3
0,CFR (robust),3,0.916,5.819964513663323,0.3
0,CFR (robust),4,0.892,5.819964513663323,0.3
0,CFR (robust),5,0.932,5.819964513663323,0.3
0,CFR (robust),6,0.924,5.819964513663323,0.3
0,CFR (robust),7,0.932,5.819964513663323,0.3
0,CFR (robust),8,0.944,5.819964513663323,0.3
0,CFR (robust),9,0.908,5.819964513663323,0.3
0,CFR (robust),10,0.916,5.819964513663323,0.3
0,CFR (robust),11,0.9,5.819964513663323,0.3
0,CFR (robust),12,0.916,5.819964513663323,0.3
0,CFR (robust),13,0.936,5.819964513663323,0.3
0,CFR (robust),14,0.94,5.819964513663323,0.3
0,CFR (robust),15,0.904,5.819964513663323,0.3
0,CFR (robust),16,0.92,5.819964513663323,0.3
0,CFR (robust),17,0.912,5.819964513663323,0.3
0,CFR (robust),18,0.916,5.819964513663323,0.3
0,CFR (robust),19,0.904,5.819964513663323,0.3
0,CFR (robust),20,0.94,5.819964513663323,0.3
0,CFR (robust),21,0.924,5.819964513663323,0.3
0,CFR (robust),22,0.924,5.819964513663323,0.3
0,CFR (robust),23,0.896,5.819964513663323,0.3
0,CFR (robust),24,0.912,5.819964513663323,0.3
0,CFR (robust),25,0.928,5.819964513663323,0.3
0,CFR (robust),26,0.916,5.819964513663323,0.3
0,CFR (robust),27,0.912,5.819964513663323,0.3
0,CFR (robust),28,0.908,5.819964513663323,0.3
0,CFR (robust),29,0.912,5.819964513663323,0.3
0,CFR (robust),30,0.92,5.819964513663323,0.3
0,CFR (robust),31,0.944,5.819964513663323,0.3
0,CFR (robust),32,0.9,5.819964513663323,0.3
0,CFR (robust),33,0.908,5.819964513663323,0.3
0,CFR (robust),34,0.928,5.819964513663323,0.3
0,CFR (robust),35,0.896,5.819964513663323,0.3
0,CFR (robust),36,0.888,5.819964513663323,0.3
0,CFR (robust),37,0.92,5.819964513663323,0.3
0,CFR (robust),38,0.9,5.819964513663323,0.3
0,CFR (robust),39,0.92,5.819964513663323,0.3
0,CFR (robust),40,0.916,5.819964513663323,0.3
0,CFR (robust),41,0.948,5.819964513663323,0.3
0,CFR (robust),42,0.88,5.819964513663323,0.3
0,CFR (robust),43,0.904,5.819964513663323,0.3
0,CFR (robust),44,0.944,5.819964513663323,0.3
0,CFR (robust),45,0.916,5.819964513663323,0.3
0,CFR (robust),46,0.92,5.819964513663323,0.3
0,CFR (robust),47,0.9,5.819964513663323,0.3
0,CFR (robust),48,0.884,5.819964513663323,0.3
0,CFR (robust),49,0.896,5.819964513663323,0.3
0,CFR (robust),50,0.916,5.819964513663323,0.3
0,SPR (robust),0,1.0,5.161286469459534,0.3
0,SPR (robust),1,0.916,5.161286469459534,0.3
0,SPR (robust),2,0.9,5.161286469459534,0.3
0,SPR (robust),3,0.908,5.161286469459534,0.3
0,SPR (robust),4,0.872,5.161286469459534,0.3
0,SPR (robust),5,0.9,5.161286469459534,0.3
0,SPR (robust),6,0.908,5.161286469459534,0.3
0,SPR (robust),7,0.92,5.161286469459534,0.3
0,SPR (robust),8,0.92,5.161286469459534,0.3
0,SPR (robust),9,0.888,5.161286469459534,0.3
0,SPR (robust),10,0.9,5.161286469459534,0.3
0,SPR (robust),11,0.904,5.161286469459534,0.3
0,SPR (robust),12,0.884,5.161286469459534,0.3
0,SPR (robust),13,0.92,5.161286469459534,0.3
0,SPR (robust),14,0.932,5.161286469459534,0.3
0,SPR (robust),15,0.88,5.161286469459534,0.3
0,SPR (robust),16,0.884,5.161286469459534,0.3
0,SPR (robust),17,0.888,5.161286469459534,0.3
0,SPR (robust),18,0.904,5.161286469459534,0.3
0,SPR (robust),19,0.884,5.161286469459534,0.3
0,SPR (robust),20,0.928,5.161286469459534,0.3
0,SPR (robust),21,0.908,5.161286469459534,0.3
0,SPR (robust),22,0.892,5.161286469459534,0.3
0,SPR (robust),23,0.888,5.161286469459534,0.3
0,SPR (robust),24,0.864,5.161286469459534,0.3
0,SPR (robust),25,0.92,5.161286469459534,0.3
0,SPR (robust),26,0.908,5.161286469459534,0.3
0,SPR (robust),27,0.888,5.161286469459534,0.3
0,SPR (robust),28,0.892,5.161286469459534,0.3
0,SPR (robust),29,0.868,5.161286469459534,0.3
0,SPR (robust),30,0.904,5.161286469459534,0.3
0,SPR (robust),31,0.92,5.161286469459534,0.3
0,SPR (robust),32,0.9,5.161286469459534,0.3
0,SPR (robust),33,0.896,5.161286469459534,0.3
0,SPR (robust),34,0.912,5.161286469459534,0.3
0,SPR (robust),35,0.888,5.161286469459534,0.3
0,SPR (robust),36,0.88,5.161286469459534,0.3
0,SPR (robust),37,0.912,5.161286469459534,0.3
0,SPR (robust),38,0.892,5.161286469459534,0.3
0,SPR (robust),39,0.908,5.161286469459534,0.3
0,SPR (robust),40,0.912,5.161286469459534,0.3
0,SPR (robust),41,0.924,5.161286469459534,0.3
0,SPR (robust),42,0.848,5.161286469459534,0.3
0,SPR (robust),43,0.868,5.161286469459534,0.3
0,SPR (robust),44,0.94,5.161286469459534,0.3
0,SPR (robust),45,0.896,5.161286469459534,0.3
0,SPR (robust),46,0.912,5.161286469459534,0.3
0,SPR (robust),47,0.872,5.161286469459534,0.3
0,SPR (robust),48,0.852,5.161286469459534,0.3
0,SPR (robust),49,0.888,5.161286469459534,0.3
0,SPR (robust),50,0.912,5.161286469459534,0.3
0,IMF (robust),0,0.992,9.739092921057056,0.3
0,IMF (robust),1,0.972,9.739092921057056,0.3
0,IMF (robust),2,0.956,9.739092921057056,0.3
0,IMF (robust),3,0.952,9.739092921057056,0.3
0,IMF (robust),4,0.928,9.739092921057056,0.3
0,IMF (robust),5,0.956,9.739092921057056,0.3
0,IMF (robust),6,0.956,9.739092921057056,0.3
0,IMF (robust),7,0.968,9.739092921057056,0.3
0,IMF (robust),8,0.964,9.739092921057056,0.3
0,IMF (robust),9,0.948,9.739092921057056,0.3
0,IMF (robust),10,0.928,9.739092921057056,0.3
0,IMF (robust),11,0.936,9.739092921057056,0.3
0,IMF (robust),12,0.956,9.739092921057056,0.3
0,IMF (robust),13,0.964,9.739092921057056,0.3
0,IMF (robust),14,0.968,9.739092921057056,0.3
0,IMF (robust),15,0.944,9.739092921057056,0.3
0,IMF (robust),16,0.948,9.739092921057056,0.3
0,IMF (robust),17,0.952,9.739092921057056,0.3
0,IMF (robust),18,0.956,9.739092921057056,0.3
0,IMF (robust),19,0.944,9.739092921057056,0.3
0,IMF (robust),20,0.964,9.739092921057056,0.3
0,IMF (robust),21,0.94,9.739092921057056,0.3
0,IMF (robust),22,0.948,9.739092921057056,0.3
0,IMF (robust),23,0.94,9.739092921057056,0.3
0,IMF (robust),24,0.94,9.739092921057056,0.3
0,IMF (robust),25,0.952,9.739092921057056,0.3
0,IMF (robust),26,0.956,9.739092921057056,0.3
0,IMF (robust),27,0.944,9.739092921057056,0.3
0,IMF (robust),28,0.96,9.739092921057056,0.3
0,IMF (robust),29,0.936,9.739092921057056,0.3
0,IMF (robust),30,0.956,9.739092921057056,0.3
0,IMF (robust),31,0.968,9.739092921057056,0.3
0,IMF (robust),32,0.932,9.739092921057056,0.3
0,IMF (robust),33,0.936,9.739092921057056,0.3
0,IMF (robust),34,0.948,9.739092921057056,0.3
0,IMF (robust),35,0.952,9.739092921057056,0.3
0,IMF (robust),36,0.936,9.739092921057056,0.3
0,IMF (robust),37,0.944,9.739092921057056,0.3
0,IMF (robust),38,0.948,9.739092921057056,0.3
0,IMF (robust),39,0.956,9.739092921057056,0.3
0,IMF (robust),40,0.956,9.739092921057056,0.3
0,IMF (robust),41,0.984,9.739092921057056,0.3
0,IMF (robust),42,0.932,9.739092921057056,0.3
0,IMF (robust),43,0.952,9.739092921057056,0.3
0,IMF (robust),44,0.98,9.739092921057056,0.3
0,IMF (robust),45,0.964,9.739092921057056,0.3
0,IMF (robust),46,0.956,9.739092921057056,0.3
0,IMF (robust),47,0.924,9.739092921057056,0.3
0,IMF (robust),48,0.924,9.739092921057056,0.3
0,IMF (robust),49,0.928,9.739092921057056,0.3
0,IMF (robust),50,0.944,9.739092921057056,0.3
1,CFR (robust),0,1.0,5.126723748207092,0.3
1,CFR (robust),1,1.0,5.126723748207092,0.3
1,CFR (robust),2,0.996,5.126723748207092,0.3
1,CFR (robust),3,0.988,5.126723748207092,0.3
1,CFR (robust),4,0.996,5.126723748207092,0.3
1,CFR (robust),5,0.996,5.126723748207092,0.3
1,CFR (robust),6,0.988,5.126723748207092,0.3
1,CFR (robust),7,0.992,5.126723748207092,0.3
1,CFR (robust),8,0.988,5.126723748207092,0.3
1,CFR (robust),9,0.984,5.126723748207092,0.3
1,CFR (robust),10,0.992,5.126723748207092,0.3
1,CFR (robust),11,0.988,5.126723748207092,0.3
1,CFR (robust),12,0.988,5.126723748207092,0.3
1,CFR (robust),13,0.996,5.126723748207092,0.3
1,CFR (robust),14,1.0,5.126723748207092,0.3
1,CFR (robust),15,0.992,5.126723748207092,0.3
1,CFR (robust),16,1.0,5.126723748207092,0.3
1,CFR (robust),17,1.0,5.126723748207092,0.3
1,CFR (robust),18,0.996,5.126723748207092,0.3
1,CFR (robust),19,1.0,5.126723748207092,0.3
1,CFR (robust),20,0.992,5.126723748207092,0.3
1,CFR (robust),21,0.984,5.126723748207092,0.3
1,CFR (robust),22,0.98,5.126723748207092,0.3
1,CFR (robust),23,0.988,5.126723748207092,0.3
1,CFR (robust),24,0.996,5.126723748207092,0.3
1,CFR (robust),25,0.992,5.126723748207092,0.3
1,CFR (robust),26,0.984,5.126723748207092,0.3
1,CFR (robust),27,0.988,5.126723748207092,0.3
1,CFR (robust),28,0.984,5.126723748207092,0.3
1,CFR (robust),29,0.992,5.126723748207092,0.3
1,CFR (robust),30,0.992,5.126723748207092,0.3
1,CFR (robust),31,0.996,5.126723748207092,0.3
1,CFR (robust),32,0.996,5.126723748207092,0.3
1,CFR (robust),33,0.992,5.126723748207092,0.3
1,CFR (robust),34,1.0,5.126723748207092,0.3
1,CFR (robust),35,0.988,5.126723748207092,0.3
1,CFR (robust),36,0.996,5.126723748207092,0.3
1,CFR (robust),37,0.992,5.126723748207092,0.3
1,CFR (robust),38,0.992,5.126723748207092,0.3
1,CFR (robust),39,0.996,5.126723748207092,0.3
1,CFR (robust),40,0.984,5.126723748207092,0.3
1,CFR (robust),41,0.992,5.126723748207092,0.3
1,CFR (robust),42,0.992,5.126723748207092,0.3
1,CFR (robust),43,0.988,5.126723748207092,0.3
1,CFR (robust),44,0.996,5.126723748207092,0.3
1,CFR (robust),45,0.992,5.126723748207092,0.3
1,CFR (robust),46,0.992,5.126723748207092,0.3
1,CFR (robust),47,0.984,5.126723748207092,0.3
1,CFR (robust),48,0.992,5.126723748207092,0.3
1,CFR (robust),49,0.992,5.126723748207092,0.3
1,CFR (robust),50,0.996,5.126723748207092,0.3
1,SPR (robust),0,1.0,3.726531280517578,0.3
1,SPR (robust),1,0.98,3.726531280517578,0.3
1,SPR (robust),2,0.936,3.726531280517578,0.3
1,SPR (robust),3,0.9,3.726531280517578,0.3
1,SPR (robust),4,0.88,3.726531280517578,0.3
1,SPR (robust),5,0.916,3.726531280517578,0.3
1,SPR (robust),6,0.932,3.726531280517578,0.3
1,SPR (robust),7,0.924,3.726531280517578,0.3
1,SPR (robust),8,0.924,3.726531280517578,0.3
1,SPR (robust),9,0.888,3.726531280517578,0.3
1,SPR (robust),10,0.9,3.726531280517578,0.3
1,SPR (robust),11,0.904,3.726531280517578,0.3
1,SPR (robust),12,0.944,3.726531280517578,0.3
1,SPR (robust),13,0.936,3.726531280517578,0.3
1,SPR (robust),14,0.932,3.726531280517578,0.3
1,SPR (robust),15,0.956,3.726531280517578,0.3
1,SPR (robust),16,0.912,3.726531280517578,0.3
1,SPR (robust),17,0.944,3.726531280517578,0.3
1,SPR (robust),18,0.94,3.726531280517578,0.3
1,SPR (robust),19,0.94,3.726531280517578,0.3
1,SPR (robust),20,0.908,3.726531280517578,0.3
1,SPR (robust),21,0.904,3.726531280517578,0.3
1,SPR (robust),22,0.892,3.726531280517578,0.3
1,SPR (robust),23,0.908,3.726531280517578,0.3
1,SPR (robust),24,0.924,3.726531280517578,0.3
1,SPR (robust),25,0.92,3.726531280517578,0.3
1,SPR (robust),26,0.912,3.726531280517578,0.3
1,SPR (robust),27,0.936,3.726531280517578,0.3
1,SPR (robust),28,0.9,3.726531280517578,0.3
1,SPR (robust),29,0.912,3.726531280517578,0.3
1,SPR (robust),30,0.916,3.726531280517578,0.3
1,SPR (robust),31,0.936,3.726531280517578,0.3
1,SPR (robust),32,0.912,3.726531280517578,0.3
1,SPR (robust),33,0.916,3.726531280517578,0.3
1,SPR (robust),34,0.92,3.726531280517578,0.3
1,SPR (robust),35,0.912,3.726531280517578,0.3
1,SPR (robust),36,0.912,3.726531280517578,0.3
1,SPR (robust),37,0.956,3.726531280517578,0.3
1,SPR (robust),38,0.964,3.726531280517578,0.3
1,SPR (robust),39,0.928,3.726531280517578,0.3
1,SPR (robust),40,0.916,3.726531280517578,0.3
1,SPR (robust),41,0.908,3.726531280517578,0.3
1,SPR (robust),42,0.888,3.726531280517578,0.3
1,SPR (robust),43,0.888,3.726531280517578,0.3
1,SPR (robust),44,0.924,3.726531280517578,0.3
1,SPR (robust),45,0.952,3.726531280517578,0.3
1,SPR (robust),46,0.936,3.726531280517578,0.3
1,SPR (robust),47,0.9,3.726531280517578,0.3
1,SPR (robust),48,0.904,3.726531280517578,0.3
1,SPR (robust),49,0.908,3.726531280517578,0.3
1,SPR (robust),50,0.952,3.726531280517578,0.3
1,IMF (robust),0,1.0,7.219380342483521,0.3
1,IMF (robust),1,1.0,7.219380342483521,0.3
1,IMF (robust),2,0.996,7.219380342483521,0.3
1,IMF (robust),3,0.988,7.219380342483521,0.3
1,IMF (robust),4,0.996,7.219380342483521,0.3
1,IMF (robust),5,0.996,7.219380342483521,0.3
1,IMF (robust),6,0.988,7.219380342483521,0.3
1,IMF (robust),7,0.996,7.219380342483521,0.3
1,IMF (robust),8,0.988,7.219380342483521,0.3
1,IMF (robust),9,0.988,7.219380342483521,0.3
1,IMF (robust),10,0.992,7.219380342483521,0.3
1,IMF (robust),11,0.988,7.219380342483521,0.3
1,IMF (robust),12,0.984,7.219380342483521,0.3
1,IMF (robust),13,0.996,7.219380342483521,0.3
1,IMF (robust),14,0.996,7.219380342483521,0.3
1,IMF (robust),15,1.0,7.219380342483521,0.3
1,IMF (robust),16,0.996,7.219380342483521,0.3
1,IMF (robust),17,0.996,7.219380342483521,0.3
1,IMF (robust),18,0.996,7.219380342483521,0.3
1,IMF (robust),19,1.0,7.219380342483521,0.3
1,IMF (robust),20,0.996,7.219380342483521,0.3
1,IMF (robust),21,0.984,7.219380342483521,0.3
1,IMF (robust),22,0.984,7.219380342483521,0.3
1,IMF (robust),23,0.988,7.219380342483521,0.3
1,IMF (robust),24,0.996,7.219380342483521,0.3
1,IMF (robust),25,0.992,7.219380342483521,0.3
1,IMF (robust),26,0.988,7.219380342483521,0.3
1,IMF (robust),27,0.984,7.219380342483521,0.3
1,IMF (robust),28,0.976,7.219380342483521,0.3
1,IMF (robust),29,0.976,7.219380342483521,0.3
1,IMF (robust),30,0.992,7.219380342483521,0.3
1,IMF (robust),31,0.98,7.219380342483521,0.3
1,IMF (robust),32,0.988,7.219380342483521,0.3
1,IMF (robust),33,0.992,7.219380342483521,0.3
1,IMF (robust),34,1.0,7.219380342483521,0.3
1,IMF (robust),35,0.984,7.219380342483521,0.3
1,IMF (robust),36,0.996,7.219380342483521,0.3
1,IMF (robust),37,0.992,7.219380342483521,0.3
1,IMF (robust),38,0.996,7.219380342483521,0.3
1,IMF (robust),39,0.996,7.219380342483521,0.3
1,IMF (robust),40,0.992,7.219380342483521,0.3
1,IMF (robust),41,0.996,7.219380342483521,0.3
1,IMF (robust),42,0.992,7.219380342483521,0.3
1,IMF (robust),43,0.992,7.219380342483521,0.3
1,IMF (robust),44,0.996,7.219380342483521,0.3
1,IMF (robust),45,0.992,7.219380342483521,0.3
1,IMF (robust),46,0.992,7.219380342483521,0.3
1,IMF (robust),47,0.984,7.219380342483521,0.3
1,IMF (robust),48,0.972,7.219380342483521,0.3
1,IMF (robust),49,0.992,7.219380342483521,0.3
1,IMF (robust),50,1.0,7.219380342483521,0.3
2,CFR (robust),0,1.0,5.775140438079834,0.3
2,CFR (robust),1,0.968,5.775140438079834,0.3
2,CFR (robust),2,0.928,5.775140438079834,0.3
2,CFR (robust),3,0.912,5.775140438079834,0.3
2,CFR (robust),4,0.896,5.775140438079834,0.3
2,CFR (robust),5,0.904,5.775140438079834,0.3
2,CFR (robust),6,0.904,5.775140438079834,0.3
2,CFR (robust),7,0.908,5.775140438079834,0.3
2,CFR (robust),8,0.924,5.775140438079834,0.3
2,CFR (robust),9,0.932,5.775140438079834,0.3
2,CFR (robust),10,0.908,5.775140438079834,0.3
2,CFR (robust),11,0.896,5.775140438079834,0.3
2,CFR (robust),12,0.908,5.775140438079834,0.3
2,CFR (robust),13,0.912,5.775140438079834,0.3
2,CFR (robust),14,0.932,5.775140438079834,0.3
2,CFR (robust),15,0.928,5.775140438079834,0.3
2,CFR (robust),16,0.952,5.775140438079834,0.3
2,CFR (robust),17,0.932,5.775140438079834,0.3
2,CFR (robust),18,0.94,5.775140438079834,0.3
2,CFR (robust),19,0.916,5.775140438079834,0.3
2,CFR (robust),20,0.904,5.775140438079834,0.3
2,CFR (robust),21,0.936,5.775140438079834,0.3
2,CFR (robust),22,0.912,5.775140438079834,0.3
2,CFR (robust),23,0.944,5.775140438079834,0.3
2,CFR (robust),24,0.916,5.775140438079834,0.3
2,CFR (robust),25,0.904,5.775140438079834,0.3
2,CFR (robust),26,0.928,5.775140438079834,0.3
2,CFR (robust),27,0.9,5.775140438079834,0.3
2,CFR (robust),28,0.912,5.775140438079834,0.3
2,CFR (robust),29,0.932,5.775140438079834,0.3
2,CFR (robust),30,0.892,5.775140438079834,0.3
2,CFR (robust),31,0.904,5.775140438079834,0.3
2,CFR (robust),32,0.928,5.775140438079834,0.3
2,CFR (robust),33,0.936,5.775140438079834,0.3
2,CFR (robust),34,0.936,5.775140438079834,0.3
2,CFR (robust),35,0.936,5.775140438079834,0.3
2,CFR (robust),36,0.952,5.775140438079834,0.3
2,CFR (robust),37,0.92,5.775140438079834,0.3
2,CFR (robust),38,0.932,5.775140438079834,0.3
2,CFR (robust),39,0.932,5.775140438079834,0.3
2,CFR (robust),40,0.936,5.775140438079834,0.3
2,CFR (robust),41,0.916,5.775140438079834,0.3
2,CFR (robust),42,0.884,5.775140438079834,0.3
2,CFR (robust),43,0.896,5.775140438079834,0.3
2,CFR (robust),44,0.928,5.775140438079834,0.3
2,CFR (robust),45,0.928,5.775140438079834,0.3
2,CFR (robust),46,0.916,5.775140438079834,0.3
2,CFR (robust),47,0.88,5.775140438079834,0.3
2,CFR (robust),48,0.9,5.775140438079834,0.3
2,CFR (robust),49,0.896,5.775140438079834,0.3
2,CFR (robust),50,0.9,5.775140438079834,0.3
2,SPR (robust),0,1.0,5.249142214775086,0.3
2,SPR (robust),1,0.928,5.249142214775086,0.3
2,SPR (robust),2,0.888,5.249142214775086,0.3
2,SPR (robust),3,0.856,5.249142214775086,0.3
2,SPR (robust),4,0.872,5.249142214775086,0.3
2,SPR (robust),5,0.876,5.249142214775086,0.3
2,SPR (robust),6,0.884,5.249142214775086,0.3
2,SPR (robust),7,0.908,5.249142214775086,0.3
2,SPR (robust),8,0.904,5.249142214775086,0.3
2,SPR (robust),9,0.896,5.249142214775086,0.3
2,SPR (robust),10,0.892,5.249142214775086,0.3
2,SPR (robust),11,0.86,5.249142214775086,0.3
2,SPR (robust),12,0.864,5.249142214775086,0.3
2,SPR (robust),13,0.892,5.249142214775086,0.3
2,SPR (robust),14,0.904,5.249142214775086,0.3
2,SPR (robust),15,0.904,5.249142214775086,0.3
2,SPR (robust),16,0.916,5.249142214775086,0.3
2,SPR (robust),17,0.888,5.249142214775086,0.3
2,SPR (robust),18,0.916,5.249142214775086,0.3
2,SPR (robust),19,0.924,5.249142214775086,0.3
2,SPR (robust),20,0.904,5.249142214775086,0.3
2,SPR (robust),21,0.908,5.249142214775086,0.3
2,SPR (robust),22,0.888,5.249142214775086,0.3
2,SPR (robust),23,0.916,5.249142214775086,0.3
2,SPR (robust),24,0.896,5.249142214775086,0.3
2,SPR (robust),25,0.892,5.249142214775086,0.3
2,SPR (robust),26,0.912,5.249142214775086,0.3
2,SPR (robust),27,0.876,5.249142214775086,0.3
2,SPR (robust),28,0.9,5.249142214775086,0.3
2,SPR (robust),29,0.916,5.249142214775086,0.3
2,SPR (robust),30,0.888,5.249142214775086,0.3
2,SPR (robust),31,0.884,5.249142214775086,0.3
2,SPR (robust),32,0.9,5.249142214775086,0.3
2,SPR (robust),33,0.928,5.249142214775086,0.3
2,SPR (robust),34,0.912,5.249142214775086,0.3
2,SPR (robust),35,0.916,5.249142214775086,0.3
2,SPR (robust),36,0.916,5.249142214775086,0.3
2,SPR (robust),37,0.908,5.249142214775086,0.3
2,SPR (robust),38,0.92,5.249142214775086,0.3
2,SPR (robust),39,0.908,5.249142214775086,0.3
2,SPR (robust),40,0.92,5.249142214775086,0.3
2,SPR (robust),41,0.904,5.249142214775086,0.3
2,SPR (robust),42,0.876,5.249142214775086,0.3
2,SPR (robust),43,0.888,5.249142214775086,0.3
2,SPR (robust),44,0.904,5.249142214775086,0.3
2,SPR (robust),45,0.908,5.249142214775086,0.3
2,SPR (robust),46,0.9,5.249142214775086,0.3
2,SPR (robust),47,0.86,5.249142214775086,0.3
2,SPR (robust),48,0.856,5.249142214775086,0.3
2,SPR (robust),49,0.872,5.249142214775086,0.3
2,SPR (robust),50,0.884,5.249142214775086,0.3
2,IMF (robust),0,1.0,9.185355220794678,0.3
2,IMF (robust),1,0.984,9.185355220794678,0.3
2,IMF (robust),2,0.96,9.185355220794678,0.3
2,IMF (robust),3,0.932,9.185355220794678,0.3
2,IMF (robust),4,0.92,9.185355220794678,0.3
2,IMF (robust),5,0.928,9.185355220794678,0.3
2,IMF (robust),6,0.936,9.185355220794678,0.3
2,IMF (robust),7,0.952,9.185355220794678,0.3
2,IMF (robust),8,0.952,9.185355220794678,0.3
2,IMF (robust),9,0.96,9.185355220794678,0.3
2,IMF (robust),10,0.956,9.185355220794678,0.3
2,IMF (robust),11,0.948,9.185355220794678,0.3
2,IMF (robust),12,0.948,9.185355220794678,0.3
2,IMF (robust),13,0.94,9.185355220794678,0.3
2,IMF (robust),14,0.968,9.185355220794678,0.3
2,IMF (robust),15,0.952,9.185355220794678,0.3
2,IMF (robust),16,0.964,9.185355220794678,0.3
2,IMF (robust),17,0.972,9.185355220794678,0.3
2,IMF (robust),18,0.98,9.185355220794678,0.3
2,IMF (robust),19,0.968,9.185355220794678,0.3
2,IMF (robust),20,0.94,9.185355220794678,0.3
2,IMF (robust),21,0.956,9.185355220794678,0.3
2,IMF (robust),22,0.932,9.185355220794678,0.3
2,IMF (robust),23,0.984,9.185355220794678,0.3
2,IMF (robust),24,0.94,9.185355220794678,0.3
2,IMF (robust),25,0.936,9.185355220794678,0.3
2,IMF (robust),26,0.968,9.185355220794678,0.3
2,IMF (robust),27,0.928,9.185355220794678,0.3
2,IMF (robust),28,0.92,9.185355220794678,0.3
2,IMF (robust),29,0.968,9.185355220794678,0.3
2,IMF (robust),30,0.94,9.185355220794678,0.3
2,IMF (robust),31,0.956,9.185355220794678,0.3
2,IMF (robust),32,0.96,9.185355220794678,0.3
2,IMF (robust),33,0.956,9.185355220794678,0.3
2,IMF (robust),34,0.952,9.185355220794678,0.3
2,IMF (robust),35,0.96,9.185355220794678,0.3
2,IMF (robust),36,0.984,9.185355220794678,0.3
2,IMF (robust),37,0.964,9.185355220794678,0.3
2,IMF (robust),38,0.964,9.185355220794678,0.3
2,IMF (robust),39,0.964,9.185355220794678,0.3
2,IMF (robust),40,0.96,9.185355220794678,0.3
2,IMF (robust),41,0.952,9.185355220794678,0.3
2,IMF (robust),42,0.952,9.185355220794678,0.3
2,IMF (robust),43,0.944,9.185355220794678,0.3
2,IMF (robust),44,0.96,9.185355220794678,0.3
2,IMF (robust),45,0.956,9.185355220794678,0.3
2,IMF (robust),46,0.96,9.185355220794678,0.3
2,IMF (robust),47,0.928,9.185355220794678,0.3
2,IMF (robust),48,0.928,9.185355220794678,0.3
2,IMF (robust),49,0.944,9.185355220794678,0.3
2,IMF (robust),50,0.948,9.185355220794678,0.3
3,CFR (robust),0,0.988,5.546534753521445,0.3
3,CFR (robust),1,0.904,5.546534753521445,0.3
3,CFR (robust),2,0.912,5.546534753521445,0.3
3,CFR (robust),3,0.92,5.546534753521445,0.3
3,CFR (robust),4,0.876,5.546534753521445,0.3
3,CFR (robust),5,0.892,5.546534753521445,0.3
3,CFR (robust),6,0.904,5.546534753521445,0.3
3,CFR (robust),7,0.928,5.546534753521445,0.3
3,CFR (robust),8,0.892,5.546534753521445,0.3
3,CFR (robust),9,0.9,5.546534753521445,0.3
3,CFR (robust),10,0.928,5.546534753521445,0.3
3,CFR (robust),11,0.896,5.546534753521445,0.3
3,CFR (robust),12,0.872,5.546534753521445,0.3
3,CFR (robust),13,0.916,5.546534753521445,0.3
3,CFR (robust),14,0.904,5.546534753521445,0.3
3,CFR (robust),15,0.888,5.546534753521445,0.3
3,CFR (robust),16,0.876,5.546534753521445,0.3
3,CFR (robust),17,0.904,5.546534753521445,0.3
3,CFR (robust),18,0.88,5.546534753521445,0.3
3,CFR (robust),19,0.892,5.546534753521445,0.3
3,CFR (robust),20,0.904,5.546534753521445,0.3
3,CFR (robust),21,0.896,5.546534753521445,0.3
3,CFR (robust),22,0.932,5.546534753521445,0.3
3,CFR (robust),23,0.876,5.546534753521445,0.3
3,CFR (robust),24,0.912,5.546534753521445,0.3
3,CFR (robust),25,0.892,5.546534753521445,0.3
3,CFR (robust),26,0.928,5.546534753521445,0.3
3,CFR (robust),27,0.948,5.546534753521445,0.3
3,CFR (robust),28,0.912,5.546534753521445,0.3
3,CFR (robust),29,0.916,5.546534753521445,0.3
3,CFR (robust),30,0.908,5.546534753521445,0.3
3,CFR (robust),31,0.884,5.546534753521445,0.3
3,CFR (robust),32,0.884,5.546534753521445,0.3
3,CFR (robust),33,0.888,5.546534753521445,0.3
3,CFR (robust),34,0.888,5.546534753521445,0.3
3,CFR (robust),35,0.872,5.546534753521445,0.3
3,CFR (robust),36,0.896,5.546534753521445,0.3
3,CFR (robust),37,0.904,5.546534753521445,0.3
3,CFR (robust),38,0.912,5.546534753521445,0.3
3,CFR (robust),39,0.892,5.546534753521445,0.3
3,CFR (robust),40,0.876,5.546534753521445,0.3
3,CFR (robust),41,0.856,5.546534753521445,0.3
3,CFR (robust),42,0.884,5.546534753521445,0.3
3,CFR (robust),43,0.88,5.546534753521445,0.3
3,CFR (robust),44,0.88,5.546534753521445,0.3
3,CFR (robust),45,0.88,5.546534753521445,0.3
3,CFR (robust),46,0.912,5.546534753521445,0.3
3,CFR (robust),47,0.876,5.546534753521445,0.3
3,CFR (robust),48,0.872,5.546534753521445,0.3
3,CFR (robust),49,0.896,5.546534753521445,0.3
3,CFR (robust),50,0.916,5.546534753521445,0.3
3,SPR (robust),0,0.996,5.2422361986704145,0.3
3,SPR (robust),1,0.896,5.2422361986704145,0.3
3,SPR (robust),2,0.904,5.2422361986704145,0.3
3,SPR (robust),3,0.904,5.2422361986704145,0.3
3,SPR (robust),4,0.88,5.2422361986704145,0.3
3,SPR (robust),5,0.884,5.2422361986704145,0.3
3,SPR (robust),6,0.908,5.2422361986704145,0.3
3,SPR (robust),7,0.908,5.2422361986704145,0.3
3,SPR (robust),8,0.904,5.2422361986704145,0.3
3,SPR (robust),9,0.896,5.2422361986704145,0.3
3,SPR (robust),10,0.92,5.2422361986704145,0.3
3,SPR (robust),11,0.908,5.2422361986704145,0.3
3,SPR (robust),12,0.876,5.2422361986704145,0.3
3,SPR (robust),13,0.904,5.2422361986704145,0.3
3,SPR (robust),14,0.912,5.2422361986704145,0.3
3,SPR (robust),15,0.88,5.2422361986704145,0.3
3,SPR (robust),16,0.872,5.2422361986704145,0.3
3,SPR (robust),17,0.896,5.2422361986704145,0.3
3,SPR (robust),18,0.904,5.2422361986704145,0.3
3,SPR (robust),19,0.888,5.2422361986704145,0.3
3,SPR (robust),20,0.92,5.2422361986704145,0.3
3,SPR (robust),21,0.872,5.2422361986704145,0.3
3,SPR (robust),22,0.908,5.2422361986704145,0.3
3,SPR (robust),23,0.872,5.2422361986704145,0.3
3,SPR (robust),24,0.912,5.2422361986704145,0.3
3,SPR (robust),25,0.912,5.2422361986704145,0.3
3,SPR (robust),26,0.944,5.2422361986704145,0.3
3,SPR (robust),27,0.916,5.2422361986704145,0.3
3,SPR (robust),28,0.908,5.2422361986704145,0.3
3,SPR (robust),29,0.92,5.2422361986704145,0.3
3,SPR (robust),30,0.904,5.2422361986704145,0.3
3,SPR (robust),31,0.892,5.2422361986704145,0.3
3,SPR (robust),32,0.884,5.2422361986704145,0.3
3,SPR (robust),33,0.876,5.2422361986704145,0.3
3,SPR (robust),34,0.884,5.2422361986704145,0.3
3,SPR (robust),35,0.864,5.2422361986704145,0.3
3,SPR (robust),36,0.9,5.2422361986704145,0.3
3,SPR (robust),37,0.912,5.2422361986704145,0.3
3,SPR (robust),38,0.916,5.2422361986704145,0.3
3,SPR (robust),39,0.892,5.2422361986704145,0.3
3,SPR (robust),40,0.844,5.2422361986704145,0.3
3,SPR (robust),41,0.852,5.2422361986704145,0.3
3,SPR (robust),42,0.88,5.2422361986704145,0.3
3,SPR (robust),43,0.876,5.2422361986704145,0.3
3,SPR (robust),44,0.872,5.2422361986704145,0.3
3,SPR (robust),45,0.872,5.2422361986704145,0.3
3,SPR (robust),46,0.9,5.2422361986704145,0.3
3,SPR (robust),47,0.864,5.2422361986704145,0.3
3,SPR (robust),48,0.868,5.2422361986704145,0.3
3,SPR (robust),49,0.9,5.2422361986704145,0.3
3,SPR (robust),50,0.908,5.2422361986704145,0.3
3,IMF (robust),0,0.98,9.741947859160755,0.3
3,IMF (robust),1,0.936,9.741947859160755,0.3
3,IMF (robust),2,0.928,9.741947859160755,0.3
3,IMF (robust),3,0.948,9.741947859160755,0.3
3,IMF (robust),4,0.92,9.741947859160755,0.3
3,IMF (robust),5,0.928,9.741947859160755,0.3
3,IMF (robust),6,0.928,9.741947859160755,0.3
3,IMF (robust),7,0.936,9.741947859160755,0.3
3,IMF (robust),8,0.932,9.741947859160755,0.3
3,IMF (robust),9,0.92,9.741947859160755,0.3
3,IMF (robust),10,0.952,9.741947859160755,0.3
3,IMF (robust),11,0.94,9.741947859160755,0.3
3,IMF (robust),12,0.908,9.741947859160755,0.3
3,IMF (robust),13,0.928,9.741947859160755,0.3
3,IMF (robust),14,0.92,9.741947859160755,0.3
3,IMF (robust),15,0.928,9.741947859160755,0.3
3,IMF (robust),16,0.908,9.741947859160755,0.3
3,IMF (robust),17,0.916,9.741947859160755,0.3
3,IMF (robust),18,0.92,9.741947859160755,0.3
3,IMF (robust),19,0.908,9.741947859160755,0.3
3,IMF (robust),20,0.924,9.741947859160755,0.3
3,IMF (robust),21,0.94,9.741947859160755,0.3
3,IMF (robust),22,0.94,9.741947859160755,0.3
3,IMF (robust),23,0.908,9.741947859160755,0.3
3,IMF (robust),24,0.932,9.741947859160755,0.3
3,IMF (robust),25,0.928,9.741947859160755,0.3
3,IMF (robust),26,0.944,9.741947859160755,0.3
3,IMF (robust),27,0.948,9.741947859160755,0.3
3,IMF (robust),28,0.952,9.741947859160755,0.3
3,IMF (robust),29,0.924,9.741947859160755,0.3
3,IMF (robust),30,0.928,9.741947859160755,0.3
3,IMF (robust),31,0.912,9.741947859160755,0.3
3,IMF (robust),32,0.908,9.741947859160755,0.3
3,IMF (robust),33,0.912,9.741947859160755,0.3
3,IMF (robust),34,0.92,9.741947859160755,0.3
3,IMF (robust),35,0.908,9.741947859160755,0.3
3,IMF (robust),36,0.924,9.741947859160755,0.3
3,IMF (robust),37,0.924,9.741947859160755,0.3
3,IMF (robust),38,0.948,9.741947859160755,0.3
3,IMF (robust),39,0.932,9.741947859160755,0.3
3,IMF (robust),40,0.9,9.741947859160755,0.3
3,IMF (robust),41,0.888,9.741947859160755,0.3
3,IMF (robust),42,0.916,9.741947859160755,0.3
3,IMF (robust),43,0.912,9.741947859160755,0.3
3,IMF (robust),44,0.892,9.741947859160755,0.3
3,IMF (robust),45,0.896,9.741947859160755,0.3
3,IMF (robust),46,0.932,9.741947859160755,0.3
3,IMF (robust),47,0.9,9.741947859160755,0.3
3,IMF (robust),48,0.924,9.741947859160755,0.3
3,IMF (robust),49,0.928,9.741947859160755,0.3
3,IMF (robust),50,0.936,9.741947859160755,0.3
4,CFR (robust),0,1.0,5.6361847620010375,0.3
4,CFR (robust),1,0.932,5.6361847620010375,0.3
4,CFR (robust),2,0.88,5.6361847620010375,0.3
4,CFR (robust),3,0.884,5.6361847620010375,0.3
4,CFR (robust),4,0.86,5.6361847620010375,0.3
4,CFR (robust),5,0.896,5.6361847620010375,0.3
4,CFR (robust),6,0.896,5.6361847620010375,0.3
4,CFR (robust),7,0.908,5.6361847620010375,0.3
4,CFR (robust),8,0.9,5.6361847620010375,0.3
4,CFR (robust),9,0.892,5.6361847620010375,0.3
4,CFR (robust),10,0.86,5.6361847620010375,0.3
4,CFR (robust),11,0.852,5.6361847620010375,0.3
4,CFR (robust),12,0.892,5.6361847620010375,0.3
4,CFR (robust),13,0.92,5.6361847620010375,0.3
4,CFR (robust),14,0.868,5.6361847620010375,0.3
4,CFR (robust),15,0.828,5.6361847620010375,0.3
4,CFR (robust),16,0.86,5.6361847620010375,0.3
4,CFR (robust),17,0.884,5.6361847620010375,0.3
4,CFR (robust),18,0.872,5.6361847620010375,0.3
4,CFR (robust),19,0.868,5.6361847620010375,0.3
4,CFR (robust),20,0.868,5.6361847620010375,0.3
4,CFR (robust),21,0.9,5.6361847620010375,0.3
4,CFR (robust),22,0.88,5.6361847620010375,0.3
4,CFR (robust),23,0.884,5.6361847620010375,0.3
4,CFR (robust),24,0.904,5.6361847620010375,0.3
4,CFR (robust),25,0.88,5.6361847620010375,0.3
4,CFR (robust),26,0.908,5.6361847620010375,0.3
4,CFR (robust),27,0.924,5.6361847620010375,0.3
4,CFR (robust),28,0.916,5.6361847620010375,0.3
4,CFR (robust),29,0.868,5.6361847620010375,0.3
4,CFR (robust),30,0.884,5.6361847620010375,0.3
4,CFR (robust),31,0.884,5.6361847620010375,0.3
4,CFR (robust),32,0.884,5.6361847620010375,0.3
4,CFR (robust),33,0.904,5.6361847620010375,0.3
4,CFR (robust),34,0.892,5.6361847620010375,0.3
4,CFR (robust),35,0.876,5.6361847620010375,0.3
4,CFR (robust),36,0.888,5.6361847620010375,0.3
4,CFR (robust),37,0.92,5.6361847620010375,0.3
4,CFR (robust),38,0.92,5.6361847620010375,0.3
4,CFR (robust),39,0.932,5.6361847620010375,0.3
4,CFR (robust),40,0.864,5.6361847620010375,0.3
4,CFR (robust),41,0.892,5.6361847620010375,0.3
4,CFR (robust),42,0.884,5.6361847620010375,0.3
4,CFR (robust),43,0.86,5.6361847620010375,0.3
4,CFR (robust),44,0.912,5.6361847620010375,0.3
4,CFR (robust),45,0.872,5.6361847620010375,0.3
4,CFR (robust),46,0.876,5.6361847620010375,0.3
4,CFR (robust),47,0.864,5.6361847620010375,0.3
4,CFR (robust),48,0.888,5.6361847620010375,0.3
4,CFR (robust),49,0.888,5.6361847620010375,0.3
4,CFR (robust),50,0.912,5.6361847620010375,0.3
4,SPR (robust),0,0.996,5.325559788439647,0.3
4,SPR (robust),1,0.876,5.325559788439647,0.3
4,SPR (robust),2,0.844,5.325559788439647,0.3
4,SPR (robust),3,0.86,5.325559788439647,0.3
4,SPR (robust),4,0.816,5.325559788439647,0.3
4,SPR (robust),5,0.868,5.325559788439647,0.3
4,SPR (robust),6,0.884,5.325559788439647,0.3
4,SPR (robust),7,0.884,5.325559788439647,0.3
4,SPR (robust),8,0.856,5.325559788439647,0.3
4,SPR (robust),9,0.88,5.325559788439647,0.3
4,SPR (robust),10,0.82,5.325559788439647,0.3
4,SPR (robust),11,0.808,5.325559788439647,0.3
4,SPR (robust),12,0.872,5.325559788439647,0.3
4,SPR (robust),13,0.868,5.325559788439647,0.3
4,SPR (robust),14,0.824,5.325559788439647,0.3
4,SPR (robust),15,0.804,5.325559788439647,0.3
4,SPR (robust),16,0.808,5.325559788439647,0.3
4,SPR (robust),17,0.832,5.325559788439647,0.3
4,SPR (robust),18,0.84,5.325559788439647,0.3
4,SPR (robust),19,0.848,5.325559788439647,0.3
4,SPR (robust),20,0.844,5.325559788439647,0.3
4,SPR (robust),21,0.86,5.325559788439647,0.3
4,SPR (robust),22,0.852,5.325559788439647,0.3
4,SPR (robust),23,0.848,5.325559788439647,0.3
4,SPR (robust),24,0.872,5.325559788439647,0.3
4,SPR (robust),25,0.864,5.325559788439647,0.3
4,SPR (robust),26,0.892,5.325559788439647,0.3
4,SPR (robust),27,0.904,5.325559788439647,0.3
4,SPR (robust),28,0.896,5.325559788439647,0.3
4,SPR (robust),29,0.856,5.325559788439647,0.3
4,SPR (robust),30,0.876,5.325559788439647,0.3
4,SPR (robust),31,0.872,5.325559788439647,0.3
4,SPR (robust),32,0.848,5.325559788439647,0.3
4,SPR (robust),33,0.876,5.325559788439647,0.3
4,SPR (robust),34,0.864,5.325559788439647,0.3
4,SPR (robust),35,0.832,5.325559788439647,0.3
4,SPR (robust),36,0.864,5.325559788439647,0.3
4,SPR (robust),37,0.9,5.325559788439647,0.3
4,SPR (robust),38,0.9,5.325559788439647,0.3
4,SPR (robust),39,0.9,5.325559788439647,0.3
4,SPR (robust),40,0.84,5.325559788439647,0.3
4,SPR (robust),41,0.868,5.325559788439647,0.3
4,SPR (robust),42,0.844,5.325559788439647,0.3
4,SPR (robust),43,0.84,5.325559788439647,0.3
4,SPR (robust),44,0.896,5.325559788439647,0.3
4,SPR (robust),45,0.86,5.325559788439647,0.3
4,SPR (robust),46,0.836,5.325559788439647,0.3
4,SPR (robust),47,0.844,5.325559788439647,0.3
4,SPR (robust),48,0.84,5.325559788439647,0.3
4,SPR (robust),49,0.864,5.325559788439647,0.3
4,SPR (robust),50,0.856,5.325559788439647,0.3
4,IMF (robust),0,1.0,9.588035663604737,0.3
4,IMF (robust),1,0.952,9.588035663604737,0.3
4,IMF (robust),2,0.912,9.588035663604737,0.3
4,IMF (robust),3,0.92,9.588035663604737,0.3
4,IMF (robust),4,0.912,9.588035663604737,0.3
4,IMF (robust),5,0.936,9.588035663604737,0.3
4,IMF (robust),6,0.944,9.588035663604737,0.3
4,IMF (robust),7,0.94,9.588035663604737,0.3
4,IMF (robust),8,0.924,9.588035663604737,0.3
4,IMF (robust),9,0.928,9.588035663604737,0.3
4,IMF (robust),10,0.888,9.588035663604737,0.3
4,IMF (robust),11,0.888,9.588035663604737,0.3
4,IMF (robust),12,0.92,9.588035663604737,0.3
4,IMF (robust),13,0.944,9.588035663604737,0.3
4,IMF (robust),14,0.912,9.588035663604737,0.3
4,IMF (robust),15,0.892,9.588035663604737,0.3
4,IMF (robust),16,0.896,9.588035663604737,0.3
4,IMF (robust),17,0.916,9.588035663604737,0.3
4,IMF (robust),18,0.936,9.588035663604737,0.3
4,IMF (robust),19,0.908,9.588035663604737,0.3
4,IMF (robust),20,0.904,9.588035663604737,0.3
4,IMF (robust),21,0.916,9.588035663604737,0.3
4,IMF (robust),22,0.908,9.588035663604737,0.3
4,IMF (robust),23,0.92,9.588035663604737,0.3
4,IMF (robust),24,0.932,9.588035663604737,0.3
4,IMF (robust),25,0.904,9.588035663604737,0.3
4,IMF (robust),26,0.912,9.588035663604737,0.3
4,IMF (robust),27,0.936,9.588035663604737,0.3
4,IMF (robust),28,0.952,9.588035663604737,0.3
4,IMF (robust),29,0.884,9.588035663604737,0.3
4,IMF (robust),30,0.932,9.588035663604737,0.3
4,IMF (robust),31,0.912,9.588035663604737,0.3
4,IMF (robust),32,0.908,9.588035663604737,0.3
4,IMF (robust),33,0.932,9.588035663604737,0.3
4,IMF (robust),34,0.932,9.588035663604737,0.3
4,IMF (robust),35,0.884,9.588035663604737,0.3
4,IMF (robust),36,0.912,9.588035663604737,0.3
4,IMF (robust),37,0.924,9.588035663604737,0.3
4,IMF (robust),38,0.944,9.588035663604737,0.3
4,IMF (robust),39,0.96,9.588035663604737,0.3
4,IMF (robust),40,0.888,9.588035663604737,0.3
4,IMF (robust),41,0.908,9.588035663604737,0.3
4,IMF (robust),42,0.92,9.588035663604737,0.3
4,IMF (robust),43,0.904,9.588035663604737,0.3
4,IMF (robust),44,0.944,9.588035663604737,0.3
4,IMF (robust),45,0.892,9.588035663604737,0.3
4,IMF (robust),46,0.9,9.588035663604737,0.3
4,IMF (robust),47,0.896,9.588035663604737,0.3
4,IMF (robust),48,0.912,9.588035663604737,0.3
4,IMF (robust),49,0.916,9.588035663604737,0.3
4,IMF (robust),50,0.924,9.588035663604737,0.3
5,CFR (robust),0,1.0,5.61916125869751,0.3
5,CFR (robust),1,1.0,5.61916125869751,0.3
5,CFR (robust),2,1.0,5.61916125869751,0.3
5,CFR (robust),3,0.968,5.61916125869751,0.3
5,CFR (robust),4,0.952,5.61916125869751,0.3
5,CFR (robust),5,0.96,5.61916125869751,0.3
5,CFR (robust),6,0.992,5.61916125869751,0.3
5,CFR (robust),7,0.992,5.61916125869751,0.3
5,CFR (robust),8,0.976,5.61916125869751,0.3
5,CFR (robust),9,0.972,5.61916125869751,0.3
5,CFR (robust),10,0.972,5.61916125869751,0.3
5,CFR (robust),11,0.968,5.61916125869751,0.3
5,CFR (robust),12,0.992,5.61916125869751,0.3
5,CFR (robust),13,0.976,5.61916125869751,0.3
5,CFR (robust),14,0.984,5.61916125869751,0.3
5,CFR (robust),15,0.988,5.61916125869751,0.3
5,CFR (robust),16,0.964,5.61916125869751,0.3
5,CFR (robust),17,0.988,5.61916125869751,0.3
5,CFR (robust),18,1.0,5.61916125869751,0.3
5,CFR (robust),19,0.992,5.61916125869751,0.3
5,CFR (robust),20,0.988,5.61916125869751,0.3
5,CFR (robust),21,0.988,5.61916125869751,0.3
5,CFR (robust),22,0.984,5.61916125869751,0.3
5,CFR (robust),23,0.976,5.61916125869751,0.3
5,CFR (robust),24,0.984,5.61916125869751,0.3
5,CFR (robust),25,0.988,5.61916125869751,0.3
5,CFR (robust),26,0.98,5.61916125869751,0.3
5,CFR (robust),27,0.972,5.61916125869751,0.3
5,CFR (robust),28,0.976,5.61916125869751,0.3
5,CFR (robust),29,0.996,5.61916125869751,0.3
5,CFR (robust),30,0.988,5.61916125869751,0.3
5,CFR (robust),31,0.98,5.61916125869751,0.3
5,CFR (robust),32,0.972,5.61916125869751,0.3
5,CFR (robust),33,0.988,5.61916125869751,0.3
5,CFR (robust),34,0.984,5.61916125869751,0.3
5,CFR (robust),35,0.98,5.61916125869751,0.3
5,CFR (robust),36,0.98,5.61916125869751,0.3
5,CFR (robust),37,0.976,5.61916125869751,0.3
5,CFR (robust),38,1.0,5.61916125869751,0.3
5,CFR (robust),39,0.988,5.61916125869751,0.3
5,CFR (robust),40,0.976,5.61916125869751,0.3
5,CFR (robust),41,0.98,5.61916125869751,0.3
5,CFR (robust),42,0.976,5.61916125869751,0.3
5,CFR (robust),43,0.984,5.61916125869751,0.3
5,CFR (robust),44,0.98,5.61916125869751,0.3
5,CFR (robust),45,0.988,5.61916125869751,0.3
5,CFR (robust),46,0.984,5.61916125869751,0.3
5,CFR (robust),47,0.964,5.61916125869751,0.3
5,CFR (robust),48,0.984,5.61916125869751,0.3
5,CFR (robust),49,0.968,5.61916125869751,0.3
5,CFR (robust),50,0.984,5.61916125869751,0.3
5,SPR (robust),0,1.0,4.2762495746612545,0.3
5,SPR (robust),1,0.968,4.2762495746612545,0.3
5,SPR (robust),2,0.944,4.2762495746612545,0.3
5,SPR (robust),3,0.904,4.2762495746612545,0.3
5,SPR (robust),4,0.876,4.2762495746612545,0.3
5,SPR (robust),5,0.892,4.2762495746612545,0.3
5,SPR (robust),6,0.896,4.2762495746612545,0.3
5,SPR (robust),7,0.888,4.2762495746612545,0.3
5,SPR (robust),8,0.888,4.2762495746612545,0.3
5,SPR (robust),9,0.908,4.2762495746612545,0.3
5,SPR (robust),10,0.876,4.2762495746612545,0.3
5,SPR (robust),11,0.864,4.2762495746612545,0.3
5,SPR (robust),12,0.924,4.2762495746612545,0.3
5,SPR (robust),13,0.924,4.2762495746612545,0.3
5,SPR (robust),14,0.912,4.2762495746612545,0.3
5,SPR (robust),15,0.892,4.2762495746612545,0.3
5,SPR (robust),16,0.896,4.2762495746612545,0.3
5,SPR (robust),17,0.928,4.2762495746612545,0.3
5,SPR (robust),18,0.936,4.2762495746612545,0.3
5,SPR (robust),19,0.948,4.2762495746612545,0.3
5,SPR (robust),20,0.9,4.2762495746612545,0.3
5,SPR (robust),21,0.908,4.2762495746612545,0.3
5,SPR (robust),22,0.928,4.2762495746612545,0.3
5,SPR (robust),23,0.872,4.2762495746612545,0.3
5,SPR (robust),24,0.944,4.2762495746612545,0.3
5,SPR (robust),25,0.96,4.2762495746612545,0.3
5,SPR (robust),26,0.952,4.2762495746612545,0.3
5,SPR (robust),27,0.916,4.2762495746612545,0.3
5,SPR (robust),28,0.916,4.2762495746612545,0.3
5,SPR (robust),29,0.92,4.2762495746612545,0.3
5,SPR (robust),30,0.9,4.2762495746612545,0.3
5,SPR (robust),31,0.904,4.2762495746612545,0.3
5,SPR (robust),32,0.924,4.2762495746612545,0.3
5,SPR (robust),33,0.916,4.2762495746612545,0.3
5,SPR (robust),34,0.892,4.2762495746612545,0.3
5,SPR (robust),35,0.896,4.2762495746612545,0.3
5,SPR (robust),36,0.896,4.2762495746612545,0.3
5,SPR (robust),37,0.9,4.2762495746612545,0.3
5,SPR (robust),38,0.928,4.2762495746612545,0.3
5,SPR (robust),39,0.916,4.2762495746612545,0.3
5,SPR (robust),40,0.872,4.2762495746612545,0.3
5,SPR (robust),41,0.88,4.2762495746612545,0.3
5,SPR (robust),42,0.868,4.2762495746612545,0.3
5,SPR (robust),43,0.892,4.2762495746612545,0.3
5,SPR (robust),44,0.92,4.2762495746612545,0.3
5,SPR (robust),45,0.92,4.2762495746612545,0.3
5,SPR (robust),46,0.916,4.2762495746612545,0.3
5,SPR (robust),47,0.888,4.2762495746612545,0.3
5,SPR (robust),48,0.896,4.2762495746612545,0.3
5,SPR (robust),49,0.896,4.2762495746612545,0.3
5,SPR (robust),50,0.928,4.2762495746612545,0.3
5,IMF (robust),0,1.0,8.184541090011596,0.3
5,IMF (robust),1,1.0,8.184541090011596,0.3
5,IMF (robust),2,0.992,8.184541090011596,0.3
5,IMF (robust),3,0.964,8.184541090011596,0.3
5,IMF (robust),4,0.948,8.184541090011596,0.3
5,IMF (robust),5,0.96,8.184541090011596,0.3
5,IMF (robust),6,0.98,8.184541090011596,0.3
5,IMF (robust),7,0.984,8.184541090011596,0.3
5,IMF (robust),8,0.968,8.184541090011596,0.3
5,IMF (robust),9,0.964,8.184541090011596,0.3
5,IMF (robust),10,0.96,8.184541090011596,0.3
5,IMF (robust),11,0.956,8.184541090011596,0.3
5,IMF (robust),12,0.992,8.184541090011596,0.3
5,IMF (robust),13,0.976,8.184541090011596,0.3
5,IMF (robust),14,0.988,8.184541090011596,0.3
5,IMF (robust),15,0.98,8.184541090011596,0.3
5,IMF (robust),16,0.964,8.184541090011596,0.3
5,IMF (robust),17,0.98,8.184541090011596,0.3
5,IMF (robust),18,0.988,8.184541090011596,0.3
5,IMF (robust),19,1.0,8.184541090011596,0.3
5,IMF (robust),20,0.988,8.184541090011596,0.3
5,IMF (robust),21,0.988,8.184541090011596,0.3
5,IMF (robust),22,0.988,8.184541090011596,0.3
5,IMF (robust),23,0.98,8.184541090011596,0.3
5,IMF (robust),24,0.98,8.184541090011596,0.3
5,IMF (robust),25,0.984,8.184541090011596,0.3
5,IMF (robust),26,0.988,8.184541090011596,0.3
5,IMF (robust),27,0.964,8.184541090011596,0.3
5,IMF (robust),28,0.972,8.184541090011596,0.3
5,IMF (robust),29,0.988,8.184541090011596,0.3
5,IMF (robust),30,0.98,8.184541090011596,0.3
5,IMF (robust),31,0.976,8.184541090011596,0.3
5,IMF (robust),32,0.976,8.184541090011596,0.3
5,IMF (robust),33,0.988,8.184541090011596,0.3
5,IMF (robust),34,0.984,8.184541090011596,0.3
5,IMF (robust),35,0.964,8.184541090011596,0.3
5,IMF (robust),36,0.976,8.184541090011596,0.3
5,IMF (robust),37,0.972,8.184541090011596,0.3
5,IMF (robust),38,0.996,8.184541090011596,0.3
5,IMF (robust),39,0.988,8.184541090011596,0.3
5,IMF (robust),40,0.976,8.184541090011596,0.3
5,IMF (robust),41,0.976,8.184541090011596,0.3
5,IMF (robust),42,0.972,8.184541090011596,0.3
5,IMF (robust),43,0.976,8.184541090011596,0.3
5,IMF (robust),44,0.972,8.184541090011596,0.3
5,IMF (robust),45,0.984,8.184541090011596,0.3
5,IMF (robust),46,0.976,8.184541090011596,0.3
5,IMF (robust),47,0.952,8.184541090011596,0.3
5,IMF (robust),48,0.988,8.184541090011596,0.3
5,IMF (robust),49,0.96,8.184541090011596,0.3
5,IMF (robust),50,0.98,8.184541090011596,0.3
6,CFR (robust),0,1.0,5.72996245765686,0.3
6,CFR (robust),1,0.976,5.72996245765686,0.3
6,CFR (robust),2,0.952,5.72996245765686,0.3
6,CFR (robust),3,0.948,5.72996245765686,0.3
6,CFR (robust),4,0.944,5.72996245765686,0.3
6,CFR (robust),5,0.936,5.72996245765686,0.3
6,CFR (robust),6,0.928,5.72996245765686,0.3
6,CFR (robust),7,0.912,5.72996245765686,0.3
6,CFR (robust),8,0.932,5.72996245765686,0.3
6,CFR (robust),9,0.94,5.72996245765686,0.3
6,CFR (robust),10,0.964,5.72996245765686,0.3
6,CFR (robust),11,0.956,5.72996245765686,0.3
6,CFR (robust),12,0.928,5.72996245765686,0.3
6,CFR (robust),13,0.94,5.72996245765686,0.3
6,CFR (robust),14,0.928,5.72996245765686,0.3
6,CFR (robust),15,0.928,5.72996245765686,0.3
6,CFR (robust),16,0.92,5.72996245765686,0.3
6,CFR (robust),17,0.928,5.72996245765686,0.3
6,CFR (robust),18,0.928,5.72996245765686,0.3
6,CFR (robust),19,0.94,5.72996245765686,0.3
6,CFR (robust),20,0.94,5.72996245765686,0.3
6,CFR (robust),21,0.948,5.72996245765686,0.3
6,CFR (robust),22,0.948,5.72996245765686,0.3
6,CFR (robust),23,0.892,5.72996245765686,0.3
6,CFR (robust),24,0.944,5.72996245765686,0.3
6,CFR (robust),25,0.94,5.72996245765686,0.3
6,CFR (robust),26,0.932,5.72996245765686,0.3
6,CFR (robust),27,0.924,5.72996245765686,0.3
6,CFR (robust),28,0.936,5.72996245765686,0.3
6,CFR (robust),29,0.92,5.72996245765686,0.3
6,CFR (robust),30,0.932,5.72996245765686,0.3
6,CFR (robust),31,0.928,5.72996245765686,0.3
6,CFR (robust),32,0.92,5.72996245765686,0.3
6,CFR (robust),33,0.944,5.72996245765686,0.3
6,CFR (robust),34,0.924,5.72996245765686,0.3
6,CFR (robust),35,0.9,5.72996245765686,0.3
6,CFR (robust),36,0.908,5.72996245765686,0.3
6,CFR (robust),37,0.936,5.72996245765686,0.3
6,CFR (robust),38,0.948,5.72996245765686,0.3
6,CFR (robust),39,0.94,5.72996245765686,0.3
6,CFR (robust),40,0.96,5.72996245765686,0.3
6,CFR (robust),41,0.932,5.72996245765686,0.3
6,CFR (robust),42,0.944,5.72996245765686,0.3
6,CFR (robust),43,0.956,5.72996245765686,0.3
6,CFR (robust),44,0.928,5.72996245765686,0.3
6,CFR (robust),45,0.944,5.72996245765686,0.3
6,CFR (robust),46,0.948,5.72996245765686,0.3
6,CFR (robust),47,0.94,5.72996245765686,0.3
6,CFR (robust),48,0.936,5.72996245765686,0.3
6,CFR (robust),49,0.944,5.72996245765686,0.3
6,CFR (robust),50,0.932,5.72996245765686,0.3
6,SPR (robust),0,1.0,5.08832843875885,0.3
6,SPR (robust),1,0.944,5.08832843875885,0.3
6,SPR (robust),2,0.924,5.08832843875885,0.3
6,SPR (robust),3,0.9,5.08832843875885,0.3
6,SPR (robust),4,0.92,5.08832843875885,0.3
6,SPR (robust),5,0.908,5.08832843875885,0.3
6,SPR (robust),6,0.916,5.08832843875885,0.3
6,SPR (robust),7,0.888,5.08832843875885,0.3
6,SPR (robust),8,0.904,5.08832843875885,0.3
6,SPR (robust),9,0.916,5.08832843875885,0.3
6,SPR (robust),10,0.916,5.08832843875885,0.3
6,SPR (robust),11,0.916,5.08832843875885,0.3
6,SPR (robust),12,0.912,5.08832843875885,0.3
6,SPR (robust),13,0.92,5.08832843875885,0.3
6,SPR (robust),14,0.888,5.08832843875885,0.3
6,SPR (robust),15,0.892,5.08832843875885,0.3
6,SPR (robust),16,0.88,5.08832843875885,0.3
6,SPR (robust),17,0.868,5.08832843875885,0.3
6,SPR (robust),18,0.884,5.08832843875885,0.3
6,SPR (robust),19,0.928,5.08832843875885,0.3
6,SPR (robust),20,0.936,5.08832843875885,0.3
6,SPR (robust),21,0.912,5.08832843875885,0.3
6,SPR (robust),22,0.912,5.08832843875885,0.3
6,SPR (robust),23,0.856,5.08832843875885,0.3
6,SPR (robust),24,0.896,5.08832843875885,0.3
6,SPR (robust),25,0.916,5.08832843875885,0.3
6,SPR (robust),26,0.884,5.08832843875885,0.3
6,SPR (robust),27,0.884,5.08832843875885,0.3
6,SPR (robust),28,0.892,5.08832843875885,0.3
6,SPR (robust),29,0.896,5.08832843875885,0.3
6,SPR (robust),30,0.908,5.08832843875885,0.3
6,SPR (robust),31,0.888,5.08832843875885,0.3
6,SPR (robust),32,0.908,5.08832843875885,0.3
6,SPR (robust),33,0.9,5.08832843875885,0.3
6,SPR (robust),34,0.884,5.08832843875885,0.3
6,SPR (robust),35,0.888,5.08832843875885,0.3
6,SPR (robust),36,0.868,5.08832843875885,0.3
6,SPR (robust),37,0.916,5.08832843875885,0.3
6,SPR (robust),38,0.908,5.08832843875885,0.3
6,SPR (robust),39,0.904,5.08832843875885,0.3
6,SPR (robust),40,0.928,5.08832843875885,0.3
6,SPR (robust),41,0.888,5.08832843875885,0.3
6,SPR (robust),42,0.908,5.08832843875885,0.3
6,SPR (robust),43,0.928,5.08832843875885,0.3
6,SPR (robust),44,0.904,5.08832843875885,0.3
6,SPR (robust),45,0.9,5.08832843875885,0.3
6,SPR (robust),46,0.92,5.08832843875885,0.3
6,SPR (robust),47,0.904,5.08832843875885,0.3
6,SPR (robust),48,0.896,5.08832843875885,0.3
6,SPR (robust),49,0.9,5.08832843875885,0.3
6,SPR (robust),50,0.912,5.08832843875885,0.3
6,IMF (robust),0,1.0,8.93513599205017,0.3
6,IMF (robust),1,1.0,8.93513599205017,0.3
6,IMF (robust),2,0.976,8.93513599205017,0.3
6,IMF (robust),3,0.968,8.93513599205017,0.3
6,IMF (robust),4,0.976,8.93513599205017,0.3
6,IMF (robust),5,0.964,8.93513599205017,0.3
6,IMF (robust),6,0.972,8.93513599205017,0.3
6,IMF (robust),7,0.948,8.93513599205017,0.3
6,IMF (robust),8,0.956,8.93513599205017,0.3
6,IMF (robust),9,0.976,8.93513599205017,0.3
6,IMF (robust),10,0.98,8.93513599205017,0.3
6,IMF (robust),11,0.968,8.93513599205017,0.3
6,IMF (robust),12,0.972,8.93513599205017,0.3
6,IMF (robust),13,0.96,8.93513599205017,0.3
6,IMF (robust),14,0.96,8.93513599205017,0.3
6,IMF (robust),15,0.956,8.93513599205017,0.3
6,IMF (robust),16,0.956,8.93513599205017,0.3
6,IMF (robust),17,0.948,8.93513599205017,0.3
6,IMF (robust),18,0.976,8.93513599205017,0.3
6,IMF (robust),19,0.972,8.93513599205017,0.3
6,IMF (robust),20,0.976,8.93513599205017,0.3
6,IMF (robust),21,0.972,8.93513599205017,0.3
6,IMF (robust),22,0.968,8.93513599205017,0.3
6,IMF (robust),23,0.92,8.93513599205017,0.3
6,IMF (robust),24,0.964,8.93513599205017,0.3
6,IMF (robust),25,0.968,8.93513599205017,0.3
6,IMF (robust),26,0.964,8.93513599205017,0.3
6,IMF (robust),27,0.956,8.93513599205017,0.3
6,IMF (robust),28,0.948,8.93513599205017,0.3
6,IMF (robust),29,0.952,8.93513599205017,0.3
6,IMF (robust),30,0.972,8.93513599205017,0.3
6,IMF (robust),31,0.952,8.93513599205017,0.3
6,IMF (robust),32,0.972,8.93513599205017,0.3
6,IMF (robust),33,0.972,8.93513599205017,0.3
6,IMF (robust),34,0.948,8.93513599205017,0.3
6,IMF (robust),35,0.928,8.93513599205017,0.3
6,IMF (robust),36,0.948,8.93513599205017,0.3
6,IMF (robust),37,0.96,8.93513599205017,0.3
6,IMF (robust),38,0.972,8.93513599205017,0.3
6,IMF (robust),39,0.964,8.93513599205017,0.3
6,IMF (robust),40,0.984,8.93513599205017,0.3
6,IMF (robust),41,0.956,8.93513599205017,0.3
6,IMF (robust),42,0.964,8.93513599205017,0.3
6,IMF (robust),43,0.964,8.93513599205017,0.3
6,IMF (robust),44,0.956,8.93513599205017,0.3
6,IMF (robust),45,0.972,8.93513599205017,0.3
6,IMF (robust),46,0.968,8.93513599205017,0.3
6,IMF (robust),47,0.956,8.93513599205017,0.3
6,IMF (robust),48,0.968,8.93513599205017,0.3
6,IMF (robust),49,0.972,8.93513599205017,0.3
6,IMF (robust),50,0.972,8.93513599205017,0.3
7,CFR (robust),0,1.0,6.310356246948242,0.3
7,CFR (robust),1,0.94,6.310356246948242,0.3
7,CFR (robust),2,0.9,6.310356246948242,0.3
7,CFR (robust),3,0.82,6.310356246948242,0.3
7,CFR (robust),4,0.8,6.310356246948242,0.3
7,CFR (robust),5,0.88,6.310356246948242,0.3
7,CFR (robust),6,0.932,6.310356246948242,0.3
7,CFR (robust),7,0.916,6.310356246948242,0.3
7,CFR (robust),8,0.856,6.310356246948242,0.3
7,CFR (robust),9,0.8,6.310356246948242,0.3
7,CFR (robust),10,0.784,6.310356246948242,0.3
7,CFR (robust),11,0.844,6.310356246948242,0.3
7,CFR (robust),12,0.896,6.310356246948242,0.3
7,CFR (robust),13,0.912,6.310356246948242,0.3
7,CFR (robust),14,0.888,6.310356246948242,0.3
7,CFR (robust),15,0.852,6.310356246948242,0.3
7,CFR (robust),16,0.796,6.310356246948242,0.3
7,CFR (robust),17,0.788,6.310356246948242,0.3
7,CFR (robust),18,0.86,6.310356246948242,0.3
7,CFR (robust),19,0.896,6.310356246948242,0.3
7,CFR (robust),20,0.896,6.310356246948242,0.3
7,CFR (robust),21,0.844,6.310356246948242,0.3
7,CFR (robust),22,0.816,6.310356246948242,0.3
7,CFR (robust),23,0.804,6.310356246948242,0.3
7,CFR (robust),24,0.844,6.310356246948242,0.3
7,CFR (robust),25,0.94,6.310356246948242,0.3
7,CFR (robust),26,0.908,6.310356246948242,0.3
7,CFR (robust),27,0.896,6.310356246948242,0.3
7,CFR (robust),28,0.872,6.310356246948242,0.3
7,CFR (robust),29,0.828,6.310356246948242,0.3
7,CFR (robust),30,0.868,6.310356246948242,0.3
7,CFR (robust),31,0.88,6.310356246948242,0.3
7,CFR (robust),32,0.916,6.310356246948242,0.3
7,CFR (robust),33,0.872,6.310356246948242,0.3
7,CFR (robust),34,0.836,6.310356246948242,0.3
7,CFR (robust),35,0.792,6.310356246948242,0.3
7,CFR (robust),36,0.832,6.310356246948242,0.3
7,CFR (robust),37,0.908,6.310356246948242,0.3
7,CFR (robust),38,0.908,6.310356246948242,0.3
7,CFR (robust),39,0.916,6.310356246948242,0.3
7,CFR (robust),40,0.856,6.310356246948242,0.3
7,CFR (robust),41,0.8,6.310356246948242,0.3
7,CFR (robust),42,0.76,6.310356246948242,0.3
7,CFR (robust),43,0.884,6.310356246948242,0.3
7,CFR (robust),44,0.94,6.310356246948242,0.3
7,CFR (robust),45,0.904,6.310356246948242,0.3
7,CFR (robust),46,0.86,6.310356246948242,0.3
7,CFR (robust),47,0.832,6.310356246948242,0.3
7,CFR (robust),48,0.816,6.310356246948242,0.3
7,CFR (robust),49,0.872,6.310356246948242,0.3
7,CFR (robust),50,0.9,6.310356246948242,0.3
7,SPR (robust),0,1.0,4.2358182032108305,0.3
7,SPR (robust),1,0.852,4.2358182032108305,0.3
7,SPR (robust),2,0.8,4.2358182032108305,0.3
7,SPR (robust),3,0.688,4.2358182032108305,0.3
7,SPR (robust),4,0.644,4.2358182032108305,0.3
7,SPR (robust),5,0.732,4.2358182032108305,0.3
7,SPR (robust),6,0.828,4.2358182032108305,0.3
7,SPR (robust),7,0.796,4.2358182032108305,0.3
7,SPR (robust),8,0.728,4.2358182032108305,0.3
7,SPR (robust),9,0.672,4.2358182032108305,0.3
7,SPR (robust),10,0.628,4.2358182032108305,0.3
7,SPR (robust),11,0.68,4.2358182032108305,0.3
7,SPR (robust),12,0.736,4.2358182032108305,0.3
7,SPR (robust),13,0.824,4.2358182032108305,0.3
7,SPR (robust),14,0.768,4.2358182032108305,0.3
7,SPR (robust),15,0.708,4.2358182032108305,0.3
7,SPR (robust),16,0.656,4.2358182032108305,0.3
7,SPR (robust),17,0.632,4.2358182032108305,0.3
7,SPR (robust),18,0.712,4.2358182032108305,0.3
7,SPR (robust),19,0.772,4.2358182032108305,0.3
7,SPR (robust),20,0.772,4.2358182032108305,0.3
7,SPR (robust),21,0.72,4.2358182032108305,0.3
7,SPR (robust),22,0.672,4.2358182032108305,0.3
7,SPR (robust),23,0.644,4.2358182032108305,0.3
7,SPR (robust),24,0.708,4.2358182032108305,0.3
7,SPR (robust),25,0.82,4.2358182032108305,0.3
7,SPR (robust),26,0.82,4.2358182032108305,0.3
7,SPR (robust),27,0.82,4.2358182032108305,0.3
7,SPR (robust),28,0.728,4.2358182032108305,0.3
7,SPR (robust),29,0.684,4.2358182032108305,0.3
7,SPR (robust),30,0.764,4.2358182032108305,0.3
7,SPR (robust),31,0.764,4.2358182032108305,0.3
7,SPR (robust),32,0.78,4.2358182032108305,0.3
7,SPR (robust),33,0.756,4.2358182032108305,0.3
7,SPR (robust),34,0.716,4.2358182032108305,0.3
7,SPR (robust),35,0.68,4.2358182032108305,0.3
7,SPR (robust),36,0.676,4.2358182032108305,0.3
7,SPR (robust),37,0.784,4.2358182032108305,0.3
7,SPR (robust),38,0.82,4.2358182032108305,0.3
7,SPR (robust),39,0.76,4.2358182032108305,0.3
7,SPR (robust),40,0.744,4.2358182032108305,0.3
7,SPR (robust),41,0.68,4.2358182032108305,0.3
7,SPR (robust),42,0.688,4.2358182032108305,0.3
7,SPR (robust),43,0.788,4.2358182032108305,0.3
7,SPR (robust),44,0.844,4.2358182032108305,0.3
7,SPR (robust),45,0.816,4.2358182032108305,0.3
7,SPR (robust),46,0.748,4.2358182032108305,0.3
7,SPR (robust),47,0.712,4.2358182032108305,0.3
7,SPR (robust),48,0.684,4.2358182032108305,0.3
7,SPR (robust),49,0.728,4.2358182032108305,0.3
7,SPR (robust),50,0.804,4.2358182032108305,0.3
7,IMF (robust),0,1.0,8.997322311401367,0.3
7,IMF (robust),1,0.98,8.997322311401367,0.3
7,IMF (robust),2,0.94,8.997322311401367,0.3
7,IMF (robust),3,0.912,8.997322311401367,0.3
7,IMF (robust),4,0.912,8.997322311401367,0.3
7,IMF (robust),5,0.916,8.997322311401367,0.3
7,IMF (robust),6,0.968,8.997322311401367,0.3
7,IMF (robust),7,0.96,8.997322311401367,0.3
7,IMF (robust),8,0.92,8.997322311401367,0.3
7,IMF (robust),9,0.916,8.997322311401367,0.3
7,IMF (robust),10,0.896,8.997322311401367,0.3
7,IMF (robust),11,0.932,8.997322311401367,0.3
7,IMF (robust),12,0.94,8.997322311401367,0.3
7,IMF (robust),13,0.956,8.997322311401367,0.3
7,IMF (robust),14,0.944,8.997322311401367,0.3
7,IMF (robust),15,0.952,8.997322311401367,0.3
7,IMF (robust),16,0.928,8.997322311401367,0.3
7,IMF (robust),17,0.896,8.997322311401367,0.3
7,IMF (robust),18,0.936,8.997322311401367,0.3
7,IMF (robust),19,0.964,8.997322311401367,0.3
7,IMF (robust),20,0.952,8.997322311401367,0.3
7,IMF (robust),21,0.92,8.997322311401367,0.3
7,IMF (robust),22,0.924,8.997322311401367,0.3
7,IMF (robust),23,0.888,8.997322311401367,0.3
7,IMF (robust),24,0.912,8.997322311401367,0.3
7,IMF (robust),25,0.972,8.997322311401367,0.3
7,IMF (robust),26,0.944,8.997322311401367,0.3
7,IMF (robust),27,0.936,8.997322311401367,0.3
7,IMF (robust),28,0.948,8.997322311401367,0.3
7,IMF (robust),29,0.956,8.997322311401367,0.3
7,IMF (robust),30,0.928,8.997322311401367,0.3
7,IMF (robust),31,0.94,8.997322311401367,0.3
7,IMF (robust),32,0.952,8.997322311401367,0.3
7,IMF (robust),33,0.928,8.997322311401367,0.3
7,IMF (robust),34,0.936,8.997322311401367,0.3
7,IMF (robust),35,0.892,8.997322311401367,0.3
7,IMF (robust),36,0.928,8.997322311401367,0.3
7,IMF (robust),37,0.972,8.997322311401367,0.3
7,IMF (robust),38,0.96,8.997322311401367,0.3
7,IMF (robust),39,0.96,8.997322311401367,0.3
7,IMF (robust),40,0.928,8.997322311401367,0.3
7,IMF (robust),41,0.904,8.997322311401367,0.3
7,IMF (robust),42,0.9,8.997322311401367,0.3
7,IMF (robust),43,0.952,8.997322311401367,0.3
7,IMF (robust),44,0.972,8.997322311401367,0.3
7,IMF (robust),45,0.948,8.997322311401367,0.3
7,IMF (robust),46,0.944,8.997322311401367,0.3
7,IMF (robust),47,0.936,8.997322311401367,0.3
7,IMF (robust),48,0.884,8.997322311401367,0.3
7,IMF (robust),49,0.936,8.997322311401367,0.3
7,IMF (robust),50,0.952,8.997322311401367,0.3
8,CFR (robust),0,0.988,5.505794280936361,0.3
8,CFR (robust),1,0.924,5.505794280936361,0.3
8,CFR (robust),2,0.948,5.505794280936361,0.3
8,CFR (robust),3,0.904,5.505794280936361,0.3
8,CFR (robust),4,0.892,5.505794280936361,0.3
8,CFR (robust),5,0.912,5.505794280936361,0.3
8,CFR (robust),6,0.92,5.505794280936361,0.3
8,CFR (robust),7,0.928,5.505794280936361,0.3
8,CFR (robust),8,0.916,5.505794280936361,0.3
8,CFR (robust),9,0.94,5.505794280936361,0.3
8,CFR (robust),10,0.9,5.505794280936361,0.3
8,CFR (robust),11,0.928,5.505794280936361,0.3
8,CFR (robust),12,0.888,5.505794280936361,0.3
8,CFR (robust),13,0.928,5.505794280936361,0.3
8,CFR (robust),14,0.912,5.505794280936361,0.3
8,CFR (robust),15,0.892,5.505794280936361,0.3
8,CFR (robust),16,0.896,5.505794280936361,0.3
8,CFR (robust),17,0.904,5.505794280936361,0.3
8,CFR (robust),18,0.916,5.505794280936361,0.3
8,CFR (robust),19,0.912,5.505794280936361,0.3
8,CFR (robust),20,0.928,5.505794280936361,0.3
8,CFR (robust),21,0.908,5.505794280936361,0.3
8,CFR (robust),22,0.9,5.505794280936361,0.3
8,CFR (robust),23,0.924,5.505794280936361,0.3
8,CFR (robust),24,0.924,5.505794280936361,0.3
8,CFR (robust),25,0.92,5.505794280936361,0.3
8,CFR (robust),26,0.916,5.505794280936361,0.3
8,CFR (robust),27,0.928,5.505794280936361,0.3
8,CFR (robust),28,0.916,5.505794280936361,0.3
8,CFR (robust),29,0.884,5.505794280936361,0.3
8,CFR (robust),30,0.912,5.505794280936361,0.3
8,CFR (robust),31,0.908,5.505794280936361,0.3
8,CFR (robust),32,0.908,5.505794280936361,0.3
8,CFR (robust),33,0.916,5.505794280936361,0.3
8,CFR (robust),34,0.916,5.505794280936361,0.3
8,CFR (robust),35,0.892,5.505794280936361,0.3
8,CFR (robust),36,0.908,5.505794280936361,0.3
8,CFR (robust),37,0.928,5.505794280936361,0.3
8,CFR (robust),38,0.896,5.505794280936361,0.3
8,CFR (robust),39,0.888,5.505794280936361,0.3
8,CFR (robust),40,0.896,5.505794280936361,0.3
8,CFR (robust),41,0.884,5.505794280936361,0.3
8,CFR (robust),42,0.892,5.505794280936361,0.3
8,CFR (robust),43,0.888,5.505794280936361,0.3
8,CFR (robust),44,0.904,5.505794280936361,0.3
8,CFR (robust),45,0.912,5.505794280936361,0.3
8,CFR (robust),46,0.896,5.505794280936361,0.3
8,CFR (robust),47,0.896,5.505794280936361,0.3
8,CFR (robust),48,0.932,5.505794280936361,0.3
8,CFR (robust),49,0.904,5.505794280936361,0.3
8,CFR (robust),50,0.924,5.505794280936361,0.3
8,SPR (robust),0,1.0,5.13378791809082,0.3
8,SPR (robust),1,0.924,5.13378791809082,0.3
8,SPR (robust),2,0.916,5.13378791809082,0.3
8,SPR (robust),3,0.92,5.13378791809082,0.3
8,SPR (robust),4,0.904,5.13378791809082,0.3
8,SPR (robust),5,0.92,5.13378791809082,0.3
8,SPR (robust),6,0.912,5.13378791809082,0.3
8,SPR (robust),7,0.932,5.13378791809082,0.3
8,SPR (robust),8,0.916,5.13378791809082,0.3
8,SPR (robust),9,0.928,5.13378791809082,0.3
8,SPR (robust),10,0.876,5.13378791809082,0.3
8,SPR (robust),11,0.932,5.13378791809082,0.3
8,SPR (robust),12,0.908,5.13378791809082,0.3
8,SPR (robust),13,0.92,5.13378791809082,0.3
8,SPR (robust),14,0.916,5.13378791809082,0.3
8,SPR (robust),15,0.892,5.13378791809082,0.3
8,SPR (robust),16,0.904,5.13378791809082,0.3
8,SPR (robust),17,0.896,5.13378791809082,0.3
8,SPR (robust),18,0.908,5.13378791809082,0.3
8,SPR (robust),19,0.904,5.13378791809082,0.3
8,SPR (robust),20,0.92,5.13378791809082,0.3
8,SPR (robust),21,0.9,5.13378791809082,0.3
8,SPR (robust),22,0.884,5.13378791809082,0.3
8,SPR (robust),23,0.936,5.13378791809082,0.3
8,SPR (robust),24,0.92,5.13378791809082,0.3
8,SPR (robust),25,0.936,5.13378791809082,0.3
8,SPR (robust),26,0.908,5.13378791809082,0.3
8,SPR (robust),27,0.916,5.13378791809082,0.3
8,SPR (robust),28,0.92,5.13378791809082,0.3
8,SPR (robust),29,0.904,5.13378791809082,0.3
8,SPR (robust),30,0.916,5.13378791809082,0.3
8,SPR (robust),31,0.908,5.13378791809082,0.3
8,SPR (robust),32,0.916,5.13378791809082,0.3
8,SPR (robust),33,0.928,5.13378791809082,0.3
8,SPR (robust),34,0.924,5.13378791809082,0.3
8,SPR (robust),35,0.9,5.13378791809082,0.3
8,SPR (robust),36,0.932,5.13378791809082,0.3
8,SPR (robust),37,0.952,5.13378791809082,0.3
8,SPR (robust),38,0.908,5.13378791809082,0.3
8,SPR (robust),39,0.896,5.13378791809082,0.3
8,SPR (robust),40,0.892,5.13378791809082,0.3
8,SPR (robust),41,0.892,5.13378791809082,0.3
8,SPR (robust),42,0.904,5.13378791809082,0.3
8,SPR (robust),43,0.896,5.13378791809082,0.3
8,SPR (robust),44,0.9,5.13378791809082,0.3
8,SPR (robust),45,0.9,5.13378791809082,0.3
8,SPR (robust),46,0.9,5.13378791809082,0.3
8,SPR (robust),47,0.892,5.13378791809082,0.3
8,SPR (robust),48,0.94,5.13378791809082,0.3
8,SPR (robust),49,0.904,5.13378791809082,0.3
8,SPR (robust),50,0.932,5.13378791809082,0.3
8,IMF (robust),0,0.988,9.588886307318683,0.3
8,IMF (robust),1,0.968,9.588886307318683,0.3
8,IMF (robust),2,0.952,9.588886307318683,0.3
8,IMF (robust),3,0.94,9.588886307318683,0.3
8,IMF (robust),4,0.928,9.588886307318683,0.3
8,IMF (robust),5,0.944,9.588886307318683,0.3
8,IMF (robust),6,0.932,9.588886307318683,0.3
8,IMF (robust),7,0.96,9.588886307318683,0.3
8,IMF (robust),8,0.956,9.588886307318683,0.3
8,IMF (robust),9,0.956,9.588886307318683,0.3
8,IMF (robust),10,0.92,9.588886307318683,0.3
8,IMF (robust),11,0.94,9.588886307318683,0.3
8,IMF (robust),12,0.928,9.588886307318683,0.3
8,IMF (robust),13,0.956,9.588886307318683,0.3
8,IMF (robust),14,0.948,9.588886307318683,0.3
8,IMF (robust),15,0.932,9.588886307318683,0.3
8,IMF (robust),16,0.94,9.588886307318683,0.3
8,IMF (robust),17,0.948,9.588886307318683,0.3
8,IMF (robust),18,0.944,9.588886307318683,0.3
8,IMF (robust),19,0.948,9.588886307318683,0.3
8,IMF (robust),20,0.948,9.588886307318683,0.3
8,IMF (robust),21,0.944,9.588886307318683,0.3
8,IMF (robust),22,0.944,9.588886307318683,0.3
8,IMF (robust),23,0.964,9.588886307318683,0.3
8,IMF (robust),24,0.94,9.588886307318683,0.3
8,IMF (robust),25,0.936,9.588886307318683,0.3
8,IMF (robust),26,0.96,9.588886307318683,0.3
8,IMF (robust),27,0.944,9.588886307318683,0.3
8,IMF (robust),28,0.94,9.588886307318683,0.3
8,IMF (robust),29,0.932,9.588886307318683,0.3
8,IMF (robust),30,0.948,9.588886307318683,0.3
8,IMF (robust),31,0.948,9.588886307318683,0.3
8,IMF (robust),32,0.936,9.588886307318683,0.3
8,IMF (robust),33,0.948,9.588886307318683,0.3
8,IMF (robust),34,0.948,9.588886307318683,0.3
8,IMF (robust),35,0.92,9.588886307318683,0.3
8,IMF (robust),36,0.952,9.588886307318683,0.3
8,IMF (robust),37,0.964,9.588886307318683,0.3
8,IMF (robust),38,0.936,9.588886307318683,0.3
8,IMF (robust),39,0.936,9.588886307318683,0.3
8,IMF (robust),40,0.94,9.588886307318683,0.3
8,IMF (robust),41,0.932,9.588886307318683,0.3
8,IMF (robust),42,0.936,9.588886307318683,0.3
8,IMF (robust),43,0.928,9.588886307318683,0.3
8,IMF (robust),44,0.944,9.588886307318683,0.3
8,IMF (robust),45,0.952,9.588886307318683,0.3
8,IMF (robust),46,0.936,9.588886307318683,0.3
8,IMF (robust),47,0.956,9.588886307318683,0.3
8,IMF (robust),48,0.944,9.588886307318683,0.3
8,IMF (robust),49,0.94,9.588886307318683,0.3
8,IMF (robust),50,0.948,9.588886307318683,0.3
9,CFR (robust),0,0.944,5.525199346623178,0.3
9,CFR (robust),1,0.9,5.525199346623178,0.3
9,CFR (robust),2,0.868,5.525199346623178,0.3
9,CFR (robust),3,0.88,5.525199346623178,0.3
9,CFR (robust),4,0.852,5.525199346623178,0.3
9,CFR (robust),5,0.856,5.525199346623178,0.3
9,CFR (robust),6,0.852,5.525199346623178,0.3
9,CFR (robust),7,0.864,5.525199346623178,0.3
9,CFR (robust),8,0.876,5.525199346623178,0.3
9,CFR (robust),9,0.868,5.525199346623178,0.3
9,CFR (robust),10,0.872,5.525199346623178,0.3
9,CFR (robust),11,0.86,5.525199346623178,0.3
9,CFR (robust),12,0.856,5.525199346623178,0.3
9,CFR (robust),13,0.856,5.525199346623178,0.3
9,CFR (robust),14,0.892,5.525199346623178,0.3
9,CFR (robust),15,0.884,5.525199346623178,0.3
9,CFR (robust),16,0.856,5.525199346623178,0.3
9,CFR (robust),17,0.872,5.525199346623178,0.3
9,CFR (robust),18,0.896,5.525199346623178,0.3
9,CFR (robust),19,0.868,5.525199346623178,0.3
9,CFR (robust),20,0.856,5.525199346623178,0.3
9,CFR (robust),21,0.864,5.525199346623178,0.3
9,CFR (robust),22,0.86,5.525199346623178,0.3
9,CFR (robust),23,0.872,5.525199346623178,0.3
9,CFR (robust),24,0.872,5.525199346623178,0.3
9,CFR (robust),25,0.896,5.525199346623178,0.3
9,CFR (robust),26,0.872,5.525199346623178,0.3
9,CFR (robust),27,0.864,5.525199346623178,0.3
9,CFR (robust),28,0.86,5.525199346623178,0.3
9,CFR (robust),29,0.868,5.525199346623178,0.3
9,CFR (robust),30,0.884,5.525199346623178,0.3
9,CFR (robust),31,0.884,5.525199346623178,0.3
9,CFR (robust),32,0.872,5.525199346623178,0.3
9,CFR (robust),33,0.884,5.525199346623178,0.3
9,CFR (robust),34,0.856,5.525199346623178,0.3
9,CFR (robust),35,0.88,5.525199346623178,0.3
9,CFR (robust),36,0.86,5.525199346623178,0.3
9,CFR (robust),37,0.872,5.525199346623178,0.3
9,CFR (robust),38,0.88,5.525199346623178,0.3
9,CFR (robust),39,0.856,5.525199346623178,0.3
9,CFR (robust),40,0.868,5.525199346623178,0.3
9,CFR (robust),41,0.888,5.525199346623178,0.3
9,CFR (robust),42,0.88,5.525199346623178,0.3
9,CFR (robust),43,0.872,5.525199346623178,0.3
9,CFR (robust),44,0.88,5.525199346623178,0.3
9,CFR (robust),45,0.836,5.525199346623178,0.3
9,CFR (robust),46,0.868,5.525199346623178,0.3
9,CFR (robust),47,0.844,5.525199346623178,0.3
9,CFR (robust),48,0.848,5.525199346623178,0.3
9,CFR (robust),49,0.868,5.525199346623178,0.3
9,CFR (robust),50,0.868,5.525199346623178,0.3
9,SPR (robust),0,1.0,5.1819108915328975,0.3
9,SPR (robust),1,0.94,5.1819108915328975,0.3
9,SPR (robust),2,0.9,5.1819108915328975,0.3
9,SPR (robust),3,0.908,5.1819108915328975,0.3
9,SPR (robust),4,0.908,5.1819108915328975,0.3
9,SPR (robust),5,0.88,5.1819108915328975,0.3
9,SPR (robust),6,0.916,5.1819108915328975,0.3
9,SPR (robust),7,0.912,5.1819108915328975,0.3
9,SPR (robust),8,0.916,5.1819108915328975,0.3
9,SPR (robust),9,0.912,5.1819108915328975,0.3
9,SPR (robust),10,0.904,5.1819108915328975,0.3
9,SPR (robust),11,0.908,5.1819108915328975,0.3
9,SPR (robust),12,0.888,5.1819108915328975,0.3
9,SPR (robust),13,0.908,5.1819108915328975,0.3
9,SPR (robust),14,0.924,5.1819108915328975,0.3
9,SPR (robust),15,0.912,5.1819108915328975,0.3
9,SPR (robust),16,0.904,5.1819108915328975,0.3
9,SPR (robust),17,0.9,5.1819108915328975,0.3
9,SPR (robust),18,0.916,5.1819108915328975,0.3
9,SPR (robust),19,0.916,5.1819108915328975,0.3
9,SPR (robust),20,0.872,5.1819108915328975,0.3
9,SPR (robust),21,0.904,5.1819108915328975,0.3
9,SPR (robust),22,0.92,5.1819108915328975,0.3
9,SPR (robust),23,0.908,5.1819108915328975,0.3
9,SPR (robust),24,0.916,5.1819108915328975,0.3
9,SPR (robust),25,0.924,5.1819108915328975,0.3
9,SPR (robust),26,0.912,5.1819108915328975,0.3
9,SPR (robust),27,0.908,5.1819108915328975,0.3
9,SPR (robust),28,0.912,5.1819108915328975,0.3
9,SPR (robust),29,0.924,5.1819108915328975,0.3
9,SPR (robust),30,0.924,5.1819108915328975,0.3
9,SPR (robust),31,0.924,5.1819108915328975,0.3
9,SPR (robust),32,0.904,5.1819108915328975,0.3
9,SPR (robust),33,0.912,5.1819108915328975,0.3
9,SPR (robust),34,0.904,5.1819108915328975,0.3
9,SPR (robust),35,0.92,5.1819108915328975,0.3
9,SPR (robust),36,0.924,5.1819108915328975,0.3
9,SPR (robust),37,0.908,5.1819108915328975,0.3
9,SPR (robust),38,0.932,5.1819108915328975,0.3
9,SPR (robust),39,0.892,5.1819108915328975,0.3
9,SPR (robust),40,0.9,5.1819108915328975,0.3
9,SPR (robust),41,0.912,5.1819108915328975,0.3
9,SPR (robust),42,0.912,5.1819108915328975,0.3
9,SPR (robust),43,0.9,5.1819108915328975,0.3
9,SPR (robust),44,0.936,5.1819108915328975,0.3
9,SPR (robust),45,0.876,5.1819108915328975,0.3
9,SPR (robust),46,0.912,5.1819108915328975,0.3
9,SPR (robust),47,0.892,5.1819108915328975,0.3
9,SPR (robust),48,0.884,5.1819108915328975,0.3
9,SPR (robust),49,0.908,5.1819108915328975,0.3
9,SPR (robust),50,0.912,5.1819108915328975,0.3
9,IMF (robust),0,0.944,9.506847381591797,0.3
9,IMF (robust),1,0.912,9.506847381591797,0.3
9,IMF (robust),2,0.892,9.506847381591797,0.3
9,IMF (robust),3,0.9,9.506847381591797,0.3
9,IMF (robust),4,0.876,9.506847381591797,0.3
9,IMF (robust),5,0.888,9.506847381591797,0.3
9,IMF (robust),6,0.912,9.506847381591797,0.3
9,IMF (robust),7,0.896,9.506847381591797,0.3
9,IMF (robust),8,0.888,9.506847381591797,0.3
9,IMF (robust),9,0.908,9.506847381591797,0.3
9,IMF (robust),10,0.908,9.506847381591797,0.3
9,IMF (robust),11,0.888,9.506847381591797,0.3
9,IMF (robust),12,0.892,9.506847381591797,0.3
9,IMF (robust),13,0.888,9.506847381591797,0.3
9,IMF (robust),14,0.912,9.506847381591797,0.3
9,IMF (robust),15,0.9,9.506847381591797,0.3
9,IMF (robust),16,0.876,9.506847381591797,0.3
9,IMF (robust),17,0.892,9.506847381591797,0.3
9,IMF (robust),18,0.908,9.506847381591797,0.3
9,IMF (robust),19,0.896,9.506847381591797,0.3
9,IMF (robust),20,0.884,9.506847381591797,0.3
9,IMF (robust),21,0.888,9.506847381591797,0.3
9,IMF (robust),22,0.9,9.506847381591797,0.3
9,IMF (robust),23,0.904,9.506847381591797,0.3
9,IMF (robust),24,0.908,9.506847381591797,0.3
9,IMF (robust),25,0.912,9.506847381591797,0.3
9,IMF (robust),26,0.9,9.506847381591797,0.3
9,IMF (robust),27,0.904,9.506847381591797,0.3
9,IMF (robust),28,0.892,9.506847381591797,0.3
9,IMF (robust),29,0.896,9.506847381591797,0.3
9,IMF (robust),30,0.912,9.506847381591797,0.3
9,IMF (robust),31,0.912,9.506847381591797,0.3
9,IMF (robust),32,0.892,9.506847381591797,0.3
9,IMF (robust),33,0.92,9.506847381591797,0.3
9,IMF (robust),34,0.872,9.506847381591797,0.3
9,IMF (robust),35,0.908,9.506847381591797,0.3
9,IMF (robust),36,0.908,9.506847381591797,0.3
9,IMF (robust),37,0.896,9.506847381591797,0.3
9,IMF (robust),38,0.916,9.506847381591797,0.3
9,IMF (robust),39,0.896,9.506847381591797,0.3
9,IMF (robust),40,0.916,9.506847381591797,0.3
9,IMF (robust),41,0.896,9.506847381591797,0.3
9,IMF (robust),42,0.904,9.506847381591797,0.3
9,IMF (robust),43,0.896,9.506847381591797,0.3
9,IMF (robust),44,0.896,9.506847381591797,0.3
9,IMF (robust),45,0.892,9.506847381591797,0.3
9,IMF (robust),46,0.884,9.506847381591797,0.3
9,IMF (robust),47,0.876,9.506847381591797,0.3
9,IMF (robust),48,0.876,9.506847381591797,0.3
9,IMF (robust),49,0.896,9.506847381591797,0.3
9,IMF (robust),50,0.904,9.506847381591797,0.3
