run_id,type,timestep,recourse,cost
0,CFR (robust),0,1.0,3.220837935447693
0,CFR (robust),1,0.764,3.220837935447693
0,CFR (robust),2,0.66,3.220837935447693
0,CFR (robust),3,0.608,3.220837935447693
0,CFR (robust),4,0.568,3.220837935447693
0,CFR (robust),5,0.612,3.220837935447693
0,CFR (robust),6,0.7,3.220837935447693
0,CFR (robust),7,0.768,3.220837935447693
0,CFR (robust),8,0.708,3.220837935447693
0,CFR (robust),9,0.568,3.220837935447693
0,CFR (robust),10,0.532,3.220837935447693
0,CFR (robust),11,0.564,3.220837935447693
0,CFR (robust),12,0.688,3.220837935447693
0,CFR (robust),13,0.752,3.220837935447693
0,CFR (robust),14,0.756,3.220837935447693
0,CFR (robust),15,0.648,3.220837935447693
0,CFR (robust),16,0.588,3.220837935447693
0,CFR (robust),17,0.596,3.220837935447693
0,CFR (robust),18,0.696,3.220837935447693
0,CFR (robust),19,0.764,3.220837935447693
0,CFR (robust),20,0.74,3.220837935447693
0,CFR (robust),21,0.632,3.220837935447693
0,CFR (robust),22,0.592,3.220837935447693
0,CFR (robust),23,0.604,3.220837935447693
0,CFR (robust),24,0.588,3.220837935447693
0,CFR (robust),25,0.772,3.220837935447693
0,CFR (robust),26,0.784,3.220837935447693
0,CFR (robust),27,0.708,3.220837935447693
0,CFR (robust),28,0.644,3.220837935447693
0,CFR (robust),29,0.624,3.220837935447693
0,CFR (robust),30,0.644,3.220837935447693
0,CFR (robust),31,0.712,3.220837935447693
0,CFR (robust),32,0.768,3.220837935447693
0,CFR (robust),33,0.692,3.220837935447693
0,CFR (robust),34,0.632,3.220837935447693
0,CFR (robust),35,0.624,3.220837935447693
0,CFR (robust),36,0.616,3.220837935447693
0,CFR (robust),37,0.7,3.220837935447693
0,CFR (robust),38,0.808,3.220837935447693
0,CFR (robust),39,0.724,3.220837935447693
0,CFR (robust),40,0.672,3.220837935447693
0,CFR (robust),41,0.588,3.220837935447693
0,CFR (robust),42,0.6,3.220837935447693
0,CFR (robust),43,0.668,3.220837935447693
0,CFR (robust),44,0.772,3.220837935447693
0,CFR (robust),45,0.76,3.220837935447693
0,CFR (robust),46,0.66,3.220837935447693
0,CFR (robust),47,0.616,3.220837935447693
0,CFR (robust),48,0.548,3.220837935447693
0,CFR (robust),49,0.644,3.220837935447693
0,CFR (robust),50,0.756,3.220837935447693
0,SPR (robust),0,1.0,4.4614063177108765
0,SPR (robust),1,0.932,4.4614063177108765
0,SPR (robust),2,0.836,4.4614063177108765
0,SPR (robust),3,0.78,4.4614063177108765
0,SPR (robust),4,0.772,4.4614063177108765
0,SPR (robust),5,0.796,4.4614063177108765
0,SPR (robust),6,0.832,4.4614063177108765
0,SPR (robust),7,0.856,4.4614063177108765
0,SPR (robust),8,0.816,4.4614063177108765
0,SPR (robust),9,0.748,4.4614063177108765
0,SPR (robust),10,0.728,4.4614063177108765
0,SPR (robust),11,0.776,4.4614063177108765
0,SPR (robust),12,0.844,4.4614063177108765
0,SPR (robust),13,0.88,4.4614063177108765
0,SPR (robust),14,0.864,4.4614063177108765
0,SPR (robust),15,0.8,4.4614063177108765
0,SPR (robust),16,0.768,4.4614063177108765
0,SPR (robust),17,0.796,4.4614063177108765
0,SPR (robust),18,0.812,4.4614063177108765
0,SPR (robust),19,0.884,4.4614063177108765
0,SPR (robust),20,0.864,4.4614063177108765
0,SPR (robust),21,0.832,4.4614063177108765
0,SPR (robust),22,0.796,4.4614063177108765
0,SPR (robust),23,0.776,4.4614063177108765
0,SPR (robust),24,0.768,4.4614063177108765
0,SPR (robust),25,0.88,4.4614063177108765
0,SPR (robust),26,0.88,4.4614063177108765
0,SPR (robust),27,0.868,4.4614063177108765
0,SPR (robust),28,0.796,4.4614063177108765
0,SPR (robust),29,0.796,4.4614063177108765
0,SPR (robust),30,0.796,4.4614063177108765
0,SPR (robust),31,0.848,4.4614063177108765
0,SPR (robust),32,0.872,4.4614063177108765
0,SPR (robust),33,0.844,4.4614063177108765
0,SPR (robust),34,0.796,4.4614063177108765
0,SPR (robust),35,0.772,4.4614063177108765
0,SPR (robust),36,0.776,4.4614063177108765
0,SPR (robust),37,0.82,4.4614063177108765
0,SPR (robust),38,0.864,4.4614063177108765
0,SPR (robust),39,0.836,4.4614063177108765
0,SPR (robust),40,0.8,4.4614063177108765
0,SPR (robust),41,0.772,4.4614063177108765
0,SPR (robust),42,0.768,4.4614063177108765
0,SPR (robust),43,0.832,4.4614063177108765
0,SPR (robust),44,0.9,4.4614063177108765
0,SPR (robust),45,0.856,4.4614063177108765
0,SPR (robust),46,0.816,4.4614063177108765
0,SPR (robust),47,0.744,4.4614063177108765
0,SPR (robust),48,0.752,4.4614063177108765
0,SPR (robust),49,0.82,4.4614063177108765
0,SPR (robust),50,0.872,4.4614063177108765
0,IMF (robust),0,1.0,6.097244739532471
0,IMF (robust),1,0.996,6.097244739532471
0,IMF (robust),2,0.98,6.097244739532471
0,IMF (robust),3,0.944,6.097244739532471
0,IMF (robust),4,0.928,6.097244739532471
0,IMF (robust),5,0.964,6.097244739532471
0,IMF (robust),6,0.976,6.097244739532471
0,IMF (robust),7,0.984,6.097244739532471
0,IMF (robust),8,0.976,6.097244739532471
0,IMF (robust),9,0.952,6.097244739532471
0,IMF (robust),10,0.908,6.097244739532471
0,IMF (robust),11,0.936,6.097244739532471
0,IMF (robust),12,0.956,6.097244739532471
0,IMF (robust),13,0.988,6.097244739532471
0,IMF (robust),14,0.98,6.097244739532471
0,IMF (robust),15,0.96,6.097244739532471
0,IMF (robust),16,0.936,6.097244739532471
0,IMF (robust),17,0.956,6.097244739532471
0,IMF (robust),18,0.956,6.097244739532471
0,IMF (robust),19,0.988,6.097244739532471
0,IMF (robust),20,0.984,6.097244739532471
0,IMF (robust),21,0.952,6.097244739532471
0,IMF (robust),22,0.924,6.097244739532471
0,IMF (robust),23,0.92,6.097244739532471
0,IMF (robust),24,0.948,6.097244739532471
0,IMF (robust),25,0.988,6.097244739532471
0,IMF (robust),26,0.992,6.097244739532471
0,IMF (robust),27,0.984,6.097244739532471
0,IMF (robust),28,0.936,6.097244739532471
0,IMF (robust),29,0.936,6.097244739532471
0,IMF (robust),30,0.964,6.097244739532471
0,IMF (robust),31,0.996,6.097244739532471
0,IMF (robust),32,0.992,6.097244739532471
0,IMF (robust),33,0.956,6.097244739532471
0,IMF (robust),34,0.956,6.097244739532471
0,IMF (robust),35,0.936,6.097244739532471
0,IMF (robust),36,0.944,6.097244739532471
0,IMF (robust),37,0.984,6.097244739532471
0,IMF (robust),38,0.984,6.097244739532471
0,IMF (robust),39,0.984,6.097244739532471
0,IMF (robust),40,0.94,6.097244739532471
0,IMF (robust),41,0.94,6.097244739532471
0,IMF (robust),42,0.932,6.097244739532471
0,IMF (robust),43,0.948,6.097244739532471
0,IMF (robust),44,0.984,6.097244739532471
0,IMF (robust),45,0.984,6.097244739532471
0,IMF (robust),46,0.976,6.097244739532471
0,IMF (robust),47,0.952,6.097244739532471
0,IMF (robust),48,0.952,6.097244739532471
0,IMF (robust),49,0.944,6.097244739532471
0,IMF (robust),50,0.984,6.097244739532471
1,CFR (robust),0,1.0,3.1771309385299684
1,CFR (robust),1,0.8,3.1771309385299684
1,CFR (robust),2,0.704,3.1771309385299684
1,CFR (robust),3,0.668,3.1771309385299684
1,CFR (robust),4,0.62,3.1771309385299684
1,CFR (robust),5,0.672,3.1771309385299684
1,CFR (robust),6,0.74,3.1771309385299684
1,CFR (robust),7,0.792,3.1771309385299684
1,CFR (robust),8,0.724,3.1771309385299684
1,CFR (robust),9,0.64,3.1771309385299684
1,CFR (robust),10,0.612,3.1771309385299684
1,CFR (robust),11,0.616,3.1771309385299684
1,CFR (robust),12,0.728,3.1771309385299684
1,CFR (robust),13,0.796,3.1771309385299684
1,CFR (robust),14,0.768,3.1771309385299684
1,CFR (robust),15,0.672,3.1771309385299684
1,CFR (robust),16,0.66,3.1771309385299684
1,CFR (robust),17,0.648,3.1771309385299684
1,CFR (robust),18,0.708,3.1771309385299684
1,CFR (robust),19,0.772,3.1771309385299684
1,CFR (robust),20,0.76,3.1771309385299684
1,CFR (robust),21,0.668,3.1771309385299684
1,CFR (robust),22,0.644,3.1771309385299684
1,CFR (robust),23,0.636,3.1771309385299684
1,CFR (robust),24,0.656,3.1771309385299684
1,CFR (robust),25,0.816,3.1771309385299684
1,CFR (robust),26,0.788,3.1771309385299684
1,CFR (robust),27,0.764,3.1771309385299684
1,CFR (robust),28,0.708,3.1771309385299684
1,CFR (robust),29,0.66,3.1771309385299684
1,CFR (robust),30,0.672,3.1771309385299684
1,CFR (robust),31,0.752,3.1771309385299684
1,CFR (robust),32,0.792,3.1771309385299684
1,CFR (robust),33,0.764,3.1771309385299684
1,CFR (robust),34,0.704,3.1771309385299684
1,CFR (robust),35,0.704,3.1771309385299684
1,CFR (robust),36,0.672,3.1771309385299684
1,CFR (robust),37,0.708,3.1771309385299684
1,CFR (robust),38,0.82,3.1771309385299684
1,CFR (robust),39,0.76,3.1771309385299684
1,CFR (robust),40,0.724,3.1771309385299684
1,CFR (robust),41,0.66,3.1771309385299684
1,CFR (robust),42,0.648,3.1771309385299684
1,CFR (robust),43,0.692,3.1771309385299684
1,CFR (robust),44,0.82,3.1771309385299684
1,CFR (robust),45,0.82,3.1771309385299684
1,CFR (robust),46,0.716,3.1771309385299684
1,CFR (robust),47,0.68,3.1771309385299684
1,CFR (robust),48,0.604,3.1771309385299684
1,CFR (robust),49,0.692,3.1771309385299684
1,CFR (robust),50,0.772,3.1771309385299684
1,SPR (robust),0,1.0,4.337206273078919
1,SPR (robust),1,0.924,4.337206273078919
1,SPR (robust),2,0.868,4.337206273078919
1,SPR (robust),3,0.8,4.337206273078919
1,SPR (robust),4,0.796,4.337206273078919
1,SPR (robust),5,0.796,4.337206273078919
1,SPR (robust),6,0.832,4.337206273078919
1,SPR (robust),7,0.88,4.337206273078919
1,SPR (robust),8,0.844,4.337206273078919
1,SPR (robust),9,0.808,4.337206273078919
1,SPR (robust),10,0.764,4.337206273078919
1,SPR (robust),11,0.772,4.337206273078919
1,SPR (robust),12,0.868,4.337206273078919
1,SPR (robust),13,0.888,4.337206273078919
1,SPR (robust),14,0.876,4.337206273078919
1,SPR (robust),15,0.848,4.337206273078919
1,SPR (robust),16,0.812,4.337206273078919
1,SPR (robust),17,0.8,4.337206273078919
1,SPR (robust),18,0.824,4.337206273078919
1,SPR (robust),19,0.884,4.337206273078919
1,SPR (robust),20,0.888,4.337206273078919
1,SPR (robust),21,0.808,4.337206273078919
1,SPR (robust),22,0.784,4.337206273078919
1,SPR (robust),23,0.776,4.337206273078919
1,SPR (robust),24,0.784,4.337206273078919
1,SPR (robust),25,0.884,4.337206273078919
1,SPR (robust),26,0.888,4.337206273078919
1,SPR (robust),27,0.868,4.337206273078919
1,SPR (robust),28,0.812,4.337206273078919
1,SPR (robust),29,0.82,4.337206273078919
1,SPR (robust),30,0.848,4.337206273078919
1,SPR (robust),31,0.884,4.337206273078919
1,SPR (robust),32,0.876,4.337206273078919
1,SPR (robust),33,0.872,4.337206273078919
1,SPR (robust),34,0.836,4.337206273078919
1,SPR (robust),35,0.82,4.337206273078919
1,SPR (robust),36,0.776,4.337206273078919
1,SPR (robust),37,0.84,4.337206273078919
1,SPR (robust),38,0.88,4.337206273078919
1,SPR (robust),39,0.852,4.337206273078919
1,SPR (robust),40,0.844,4.337206273078919
1,SPR (robust),41,0.808,4.337206273078919
1,SPR (robust),42,0.816,4.337206273078919
1,SPR (robust),43,0.868,4.337206273078919
1,SPR (robust),44,0.896,4.337206273078919
1,SPR (robust),45,0.896,4.337206273078919
1,SPR (robust),46,0.856,4.337206273078919
1,SPR (robust),47,0.792,4.337206273078919
1,SPR (robust),48,0.796,4.337206273078919
1,SPR (robust),49,0.824,4.337206273078919
1,SPR (robust),50,0.884,4.337206273078919
1,IMF (robust),0,1.0,6.054490161895752
1,IMF (robust),1,1.0,6.054490161895752
1,IMF (robust),2,0.988,6.054490161895752
1,IMF (robust),3,0.968,6.054490161895752
1,IMF (robust),4,0.952,6.054490161895752
1,IMF (robust),5,0.964,6.054490161895752
1,IMF (robust),6,0.98,6.054490161895752
1,IMF (robust),7,0.988,6.054490161895752
1,IMF (robust),8,0.98,6.054490161895752
1,IMF (robust),9,0.956,6.054490161895752
1,IMF (robust),10,0.936,6.054490161895752
1,IMF (robust),11,0.972,6.054490161895752
1,IMF (robust),12,0.98,6.054490161895752
1,IMF (robust),13,0.992,6.054490161895752
1,IMF (robust),14,0.988,6.054490161895752
1,IMF (robust),15,0.98,6.054490161895752
1,IMF (robust),16,0.944,6.054490161895752
1,IMF (robust),17,0.956,6.054490161895752
1,IMF (robust),18,0.956,6.054490161895752
1,IMF (robust),19,0.996,6.054490161895752
1,IMF (robust),20,0.988,6.054490161895752
1,IMF (robust),21,0.968,6.054490161895752
1,IMF (robust),22,0.936,6.054490161895752
1,IMF (robust),23,0.952,6.054490161895752
1,IMF (robust),24,0.956,6.054490161895752
1,IMF (robust),25,0.996,6.054490161895752
1,IMF (robust),26,0.996,6.054490161895752
1,IMF (robust),27,0.996,6.054490161895752
1,IMF (robust),28,0.96,6.054490161895752
1,IMF (robust),29,0.956,6.054490161895752
1,IMF (robust),30,0.968,6.054490161895752
1,IMF (robust),31,0.992,6.054490161895752
1,IMF (robust),32,0.996,6.054490161895752
1,IMF (robust),33,0.964,6.054490161895752
1,IMF (robust),34,0.972,6.054490161895752
1,IMF (robust),35,0.952,6.054490161895752
1,IMF (robust),36,0.944,6.054490161895752
1,IMF (robust),37,0.984,6.054490161895752
1,IMF (robust),38,0.988,6.054490161895752
1,IMF (robust),39,0.98,6.054490161895752
1,IMF (robust),40,0.944,6.054490161895752
1,IMF (robust),41,0.944,6.054490161895752
1,IMF (robust),42,0.936,6.054490161895752
1,IMF (robust),43,0.964,6.054490161895752
1,IMF (robust),44,0.992,6.054490161895752
1,IMF (robust),45,0.992,6.054490161895752
1,IMF (robust),46,0.988,6.054490161895752
1,IMF (robust),47,0.968,6.054490161895752
1,IMF (robust),48,0.976,6.054490161895752
1,IMF (robust),49,0.972,6.054490161895752
1,IMF (robust),50,0.988,6.054490161895752
2,CFR (robust),0,1.0,3.2512609748840333
2,CFR (robust),1,0.764,3.2512609748840333
2,CFR (robust),2,0.672,3.2512609748840333
2,CFR (robust),3,0.652,3.2512609748840333
2,CFR (robust),4,0.612,3.2512609748840333
2,CFR (robust),5,0.672,3.2512609748840333
2,CFR (robust),6,0.716,3.2512609748840333
2,CFR (robust),7,0.784,3.2512609748840333
2,CFR (robust),8,0.728,3.2512609748840333
2,CFR (robust),9,0.584,3.2512609748840333
2,CFR (robust),10,0.58,3.2512609748840333
2,CFR (robust),11,0.604,3.2512609748840333
2,CFR (robust),12,0.7,3.2512609748840333
2,CFR (robust),13,0.736,3.2512609748840333
2,CFR (robust),14,0.74,3.2512609748840333
2,CFR (robust),15,0.684,3.2512609748840333
2,CFR (robust),16,0.636,3.2512609748840333
2,CFR (robust),17,0.64,3.2512609748840333
2,CFR (robust),18,0.692,3.2512609748840333
2,CFR (robust),19,0.748,3.2512609748840333
2,CFR (robust),20,0.732,3.2512609748840333
2,CFR (robust),21,0.648,3.2512609748840333
2,CFR (robust),22,0.608,3.2512609748840333
2,CFR (robust),23,0.636,3.2512609748840333
2,CFR (robust),24,0.64,3.2512609748840333
2,CFR (robust),25,0.792,3.2512609748840333
2,CFR (robust),26,0.776,3.2512609748840333
2,CFR (robust),27,0.72,3.2512609748840333
2,CFR (robust),28,0.664,3.2512609748840333
2,CFR (robust),29,0.652,3.2512609748840333
2,CFR (robust),30,0.664,3.2512609748840333
2,CFR (robust),31,0.744,3.2512609748840333
2,CFR (robust),32,0.78,3.2512609748840333
2,CFR (robust),33,0.744,3.2512609748840333
2,CFR (robust),34,0.68,3.2512609748840333
2,CFR (robust),35,0.66,3.2512609748840333
2,CFR (robust),36,0.656,3.2512609748840333
2,CFR (robust),37,0.68,3.2512609748840333
2,CFR (robust),38,0.796,3.2512609748840333
2,CFR (robust),39,0.712,3.2512609748840333
2,CFR (robust),40,0.688,3.2512609748840333
2,CFR (robust),41,0.62,3.2512609748840333
2,CFR (robust),42,0.616,3.2512609748840333
2,CFR (robust),43,0.692,3.2512609748840333
2,CFR (robust),44,0.748,3.2512609748840333
2,CFR (robust),45,0.764,3.2512609748840333
2,CFR (robust),46,0.696,3.2512609748840333
2,CFR (robust),47,0.648,3.2512609748840333
2,CFR (robust),48,0.604,3.2512609748840333
2,CFR (robust),49,0.652,3.2512609748840333
2,CFR (robust),50,0.752,3.2512609748840333
2,SPR (robust),0,1.0,4.572751602172851
2,SPR (robust),1,0.928,4.572751602172851
2,SPR (robust),2,0.86,4.572751602172851
2,SPR (robust),3,0.816,4.572751602172851
2,SPR (robust),4,0.804,4.572751602172851
2,SPR (robust),5,0.816,4.572751602172851
2,SPR (robust),6,0.836,4.572751602172851
2,SPR (robust),7,0.888,4.572751602172851
2,SPR (robust),8,0.84,4.572751602172851
2,SPR (robust),9,0.768,4.572751602172851
2,SPR (robust),10,0.764,4.572751602172851
2,SPR (robust),11,0.784,4.572751602172851
2,SPR (robust),12,0.844,4.572751602172851
2,SPR (robust),13,0.872,4.572751602172851
2,SPR (robust),14,0.86,4.572751602172851
2,SPR (robust),15,0.828,4.572751602172851
2,SPR (robust),16,0.788,4.572751602172851
2,SPR (robust),17,0.82,4.572751602172851
2,SPR (robust),18,0.816,4.572751602172851
2,SPR (robust),19,0.876,4.572751602172851
2,SPR (robust),20,0.884,4.572751602172851
2,SPR (robust),21,0.836,4.572751602172851
2,SPR (robust),22,0.78,4.572751602172851
2,SPR (robust),23,0.764,4.572751602172851
2,SPR (robust),24,0.776,4.572751602172851
2,SPR (robust),25,0.896,4.572751602172851
2,SPR (robust),26,0.888,4.572751602172851
2,SPR (robust),27,0.86,4.572751602172851
2,SPR (robust),28,0.816,4.572751602172851
2,SPR (robust),29,0.816,4.572751602172851
2,SPR (robust),30,0.824,4.572751602172851
2,SPR (robust),31,0.856,4.572751602172851
2,SPR (robust),32,0.872,4.572751602172851
2,SPR (robust),33,0.848,4.572751602172851
2,SPR (robust),34,0.792,4.572751602172851
2,SPR (robust),35,0.804,4.572751602172851
2,SPR (robust),36,0.8,4.572751602172851
2,SPR (robust),37,0.828,4.572751602172851
2,SPR (robust),38,0.884,4.572751602172851
2,SPR (robust),39,0.844,4.572751602172851
2,SPR (robust),40,0.84,4.572751602172851
2,SPR (robust),41,0.8,4.572751602172851
2,SPR (robust),42,0.78,4.572751602172851
2,SPR (robust),43,0.86,4.572751602172851
2,SPR (robust),44,0.856,4.572751602172851
2,SPR (robust),45,0.876,4.572751602172851
2,SPR (robust),46,0.84,4.572751602172851
2,SPR (robust),47,0.796,4.572751602172851
2,SPR (robust),48,0.808,4.572751602172851
2,SPR (robust),49,0.812,4.572751602172851
2,SPR (robust),50,0.876,4.572751602172851
2,IMF (robust),0,1.0,6.130808971405029
2,IMF (robust),1,0.996,6.130808971405029
2,IMF (robust),2,0.988,6.130808971405029
2,IMF (robust),3,0.944,6.130808971405029
2,IMF (robust),4,0.936,6.130808971405029
2,IMF (robust),5,0.956,6.130808971405029
2,IMF (robust),6,0.98,6.130808971405029
2,IMF (robust),7,0.984,6.130808971405029
2,IMF (robust),8,0.972,6.130808971405029
2,IMF (robust),9,0.928,6.130808971405029
2,IMF (robust),10,0.908,6.130808971405029
2,IMF (robust),11,0.928,6.130808971405029
2,IMF (robust),12,0.948,6.130808971405029
2,IMF (robust),13,0.984,6.130808971405029
2,IMF (robust),14,0.98,6.130808971405029
2,IMF (robust),15,0.956,6.130808971405029
2,IMF (robust),16,0.932,6.130808971405029
2,IMF (robust),17,0.944,6.130808971405029
2,IMF (robust),18,0.94,6.130808971405029
2,IMF (robust),19,0.984,6.130808971405029
2,IMF (robust),20,0.976,6.130808971405029
2,IMF (robust),21,0.952,6.130808971405029
2,IMF (robust),22,0.916,6.130808971405029
2,IMF (robust),23,0.912,6.130808971405029
2,IMF (robust),24,0.952,6.130808971405029
2,IMF (robust),25,0.988,6.130808971405029
2,IMF (robust),26,0.992,6.130808971405029
2,IMF (robust),27,0.98,6.130808971405029
2,IMF (robust),28,0.944,6.130808971405029
2,IMF (robust),29,0.948,6.130808971405029
2,IMF (robust),30,0.96,6.130808971405029
2,IMF (robust),31,0.984,6.130808971405029
2,IMF (robust),32,0.992,6.130808971405029
2,IMF (robust),33,0.952,6.130808971405029
2,IMF (robust),34,0.96,6.130808971405029
2,IMF (robust),35,0.928,6.130808971405029
2,IMF (robust),36,0.928,6.130808971405029
2,IMF (robust),37,0.968,6.130808971405029
2,IMF (robust),38,0.984,6.130808971405029
2,IMF (robust),39,0.968,6.130808971405029
2,IMF (robust),40,0.928,6.130808971405029
2,IMF (robust),41,0.936,6.130808971405029
2,IMF (robust),42,0.932,6.130808971405029
2,IMF (robust),43,0.952,6.130808971405029
2,IMF (robust),44,0.98,6.130808971405029
2,IMF (robust),45,0.984,6.130808971405029
2,IMF (robust),46,0.976,6.130808971405029
2,IMF (robust),47,0.944,6.130808971405029
2,IMF (robust),48,0.96,6.130808971405029
2,IMF (robust),49,0.944,6.130808971405029
2,IMF (robust),50,0.98,6.130808971405029
3,CFR (robust),0,1.0,3.178271598815918
3,CFR (robust),1,0.792,3.178271598815918
3,CFR (robust),2,0.712,3.178271598815918
3,CFR (robust),3,0.676,3.178271598815918
3,CFR (robust),4,0.616,3.178271598815918
3,CFR (robust),5,0.676,3.178271598815918
3,CFR (robust),6,0.724,3.178271598815918
3,CFR (robust),7,0.796,3.178271598815918
3,CFR (robust),8,0.736,3.178271598815918
3,CFR (robust),9,0.604,3.178271598815918
3,CFR (robust),10,0.608,3.178271598815918
3,CFR (robust),11,0.612,3.178271598815918
3,CFR (robust),12,0.712,3.178271598815918
3,CFR (robust),13,0.772,3.178271598815918
3,CFR (robust),14,0.772,3.178271598815918
3,CFR (robust),15,0.692,3.178271598815918
3,CFR (robust),16,0.656,3.178271598815918
3,CFR (robust),17,0.648,3.178271598815918
3,CFR (robust),18,0.7,3.178271598815918
3,CFR (robust),19,0.76,3.178271598815918
3,CFR (robust),20,0.74,3.178271598815918
3,CFR (robust),21,0.656,3.178271598815918
3,CFR (robust),22,0.632,3.178271598815918
3,CFR (robust),23,0.648,3.178271598815918
3,CFR (robust),24,0.652,3.178271598815918
3,CFR (robust),25,0.816,3.178271598815918
3,CFR (robust),26,0.784,3.178271598815918
3,CFR (robust),27,0.732,3.178271598815918
3,CFR (robust),28,0.7,3.178271598815918
3,CFR (robust),29,0.664,3.178271598815918
3,CFR (robust),30,0.688,3.178271598815918
3,CFR (robust),31,0.756,3.178271598815918
3,CFR (robust),32,0.796,3.178271598815918
3,CFR (robust),33,0.744,3.178271598815918
3,CFR (robust),34,0.7,3.178271598815918
3,CFR (robust),35,0.696,3.178271598815918
3,CFR (robust),36,0.668,3.178271598815918
3,CFR (robust),37,0.692,3.178271598815918
3,CFR (robust),38,0.808,3.178271598815918
3,CFR (robust),39,0.736,3.178271598815918
3,CFR (robust),40,0.704,3.178271598815918
3,CFR (robust),41,0.652,3.178271598815918
3,CFR (robust),42,0.656,3.178271598815918
3,CFR (robust),43,0.7,3.178271598815918
3,CFR (robust),44,0.8,3.178271598815918
3,CFR (robust),45,0.784,3.178271598815918
3,CFR (robust),46,0.704,3.178271598815918
3,CFR (robust),47,0.656,3.178271598815918
3,CFR (robust),48,0.596,3.178271598815918
3,CFR (robust),49,0.676,3.178271598815918
3,CFR (robust),50,0.756,3.178271598815918
3,SPR (robust),0,1.0,4.393021318435669
3,SPR (robust),1,0.948,4.393021318435669
3,SPR (robust),2,0.872,4.393021318435669
3,SPR (robust),3,0.824,4.393021318435669
3,SPR (robust),4,0.788,4.393021318435669
3,SPR (robust),5,0.796,4.393021318435669
3,SPR (robust),6,0.848,4.393021318435669
3,SPR (robust),7,0.888,4.393021318435669
3,SPR (robust),8,0.868,4.393021318435669
3,SPR (robust),9,0.78,4.393021318435669
3,SPR (robust),10,0.76,4.393021318435669
3,SPR (robust),11,0.764,4.393021318435669
3,SPR (robust),12,0.832,4.393021318435669
3,SPR (robust),13,0.868,4.393021318435669
3,SPR (robust),14,0.872,4.393021318435669
3,SPR (robust),15,0.844,4.393021318435669
3,SPR (robust),16,0.796,4.393021318435669
3,SPR (robust),17,0.776,4.393021318435669
3,SPR (robust),18,0.812,4.393021318435669
3,SPR (robust),19,0.848,4.393021318435669
3,SPR (robust),20,0.856,4.393021318435669
3,SPR (robust),21,0.796,4.393021318435669
3,SPR (robust),22,0.788,4.393021318435669
3,SPR (robust),23,0.78,4.393021318435669
3,SPR (robust),24,0.808,4.393021318435669
3,SPR (robust),25,0.896,4.393021318435669
3,SPR (robust),26,0.88,4.393021318435669
3,SPR (robust),27,0.864,4.393021318435669
3,SPR (robust),28,0.8,4.393021318435669
3,SPR (robust),29,0.824,4.393021318435669
3,SPR (robust),30,0.844,4.393021318435669
3,SPR (robust),31,0.868,4.393021318435669
3,SPR (robust),32,0.88,4.393021318435669
3,SPR (robust),33,0.84,4.393021318435669
3,SPR (robust),34,0.82,4.393021318435669
3,SPR (robust),35,0.812,4.393021318435669
3,SPR (robust),36,0.78,4.393021318435669
3,SPR (robust),37,0.84,4.393021318435669
3,SPR (robust),38,0.884,4.393021318435669
3,SPR (robust),39,0.844,4.393021318435669
3,SPR (robust),40,0.832,4.393021318435669
3,SPR (robust),41,0.788,4.393021318435669
3,SPR (robust),42,0.796,4.393021318435669
3,SPR (robust),43,0.844,4.393021318435669
3,SPR (robust),44,0.908,4.393021318435669
3,SPR (robust),45,0.868,4.393021318435669
3,SPR (robust),46,0.832,4.393021318435669
3,SPR (robust),47,0.78,4.393021318435669
3,SPR (robust),48,0.784,4.393021318435669
3,SPR (robust),49,0.816,4.393021318435669
3,SPR (robust),50,0.892,4.393021318435669
3,IMF (robust),0,1.0,6.091984371185303
3,IMF (robust),1,1.0,6.091984371185303
3,IMF (robust),2,0.992,6.091984371185303
3,IMF (robust),3,0.96,6.091984371185303
3,IMF (robust),4,0.948,6.091984371185303
3,IMF (robust),5,0.968,6.091984371185303
3,IMF (robust),6,0.984,6.091984371185303
3,IMF (robust),7,0.988,6.091984371185303
3,IMF (robust),8,0.98,6.091984371185303
3,IMF (robust),9,0.952,6.091984371185303
3,IMF (robust),10,0.924,6.091984371185303
3,IMF (robust),11,0.956,6.091984371185303
3,IMF (robust),12,0.968,6.091984371185303
3,IMF (robust),13,0.984,6.091984371185303
3,IMF (robust),14,0.984,6.091984371185303
3,IMF (robust),15,0.968,6.091984371185303
3,IMF (robust),16,0.936,6.091984371185303
3,IMF (robust),17,0.956,6.091984371185303
3,IMF (robust),18,0.952,6.091984371185303
3,IMF (robust),19,0.992,6.091984371185303
3,IMF (robust),20,0.984,6.091984371185303
3,IMF (robust),21,0.956,6.091984371185303
3,IMF (robust),22,0.932,6.091984371185303
3,IMF (robust),23,0.94,6.091984371185303
3,IMF (robust),24,0.952,6.091984371185303
3,IMF (robust),25,0.996,6.091984371185303
3,IMF (robust),26,0.992,6.091984371185303
3,IMF (robust),27,0.984,6.091984371185303
3,IMF (robust),28,0.952,6.091984371185303
3,IMF (robust),29,0.948,6.091984371185303
3,IMF (robust),30,0.964,6.091984371185303
3,IMF (robust),31,0.996,6.091984371185303
3,IMF (robust),32,0.992,6.091984371185303
3,IMF (robust),33,0.964,6.091984371185303
3,IMF (robust),34,0.968,6.091984371185303
3,IMF (robust),35,0.944,6.091984371185303
3,IMF (robust),36,0.948,6.091984371185303
3,IMF (robust),37,0.98,6.091984371185303
3,IMF (robust),38,0.988,6.091984371185303
3,IMF (robust),39,0.98,6.091984371185303
3,IMF (robust),40,0.94,6.091984371185303
3,IMF (robust),41,0.948,6.091984371185303
3,IMF (robust),42,0.936,6.091984371185303
3,IMF (robust),43,0.956,6.091984371185303
3,IMF (robust),44,0.988,6.091984371185303
3,IMF (robust),45,0.992,6.091984371185303
3,IMF (robust),46,0.988,6.091984371185303
3,IMF (robust),47,0.964,6.091984371185303
3,IMF (robust),48,0.964,6.091984371185303
3,IMF (robust),49,0.968,6.091984371185303
3,IMF (robust),50,0.988,6.091984371185303
4,CFR (robust),0,1.0,3.196361763000488
4,CFR (robust),1,0.808,3.196361763000488
4,CFR (robust),2,0.712,3.196361763000488
4,CFR (robust),3,0.668,3.196361763000488
4,CFR (robust),4,0.636,3.196361763000488
4,CFR (robust),5,0.676,3.196361763000488
4,CFR (robust),6,0.728,3.196361763000488
4,CFR (robust),7,0.796,3.196361763000488
4,CFR (robust),8,0.724,3.196361763000488
4,CFR (robust),9,0.624,3.196361763000488
4,CFR (robust),10,0.608,3.196361763000488
4,CFR (robust),11,0.636,3.196361763000488
4,CFR (robust),12,0.716,3.196361763000488
4,CFR (robust),13,0.78,3.196361763000488
4,CFR (robust),14,0.768,3.196361763000488
4,CFR (robust),15,0.696,3.196361763000488
4,CFR (robust),16,0.656,3.196361763000488
4,CFR (robust),17,0.644,3.196361763000488
4,CFR (robust),18,0.716,3.196361763000488
4,CFR (robust),19,0.78,3.196361763000488
4,CFR (robust),20,0.756,3.196361763000488
4,CFR (robust),21,0.672,3.196361763000488
4,CFR (robust),22,0.648,3.196361763000488
4,CFR (robust),23,0.664,3.196361763000488
4,CFR (robust),24,0.684,3.196361763000488
4,CFR (robust),25,0.824,3.196361763000488
4,CFR (robust),26,0.784,3.196361763000488
4,CFR (robust),27,0.744,3.196361763000488
4,CFR (robust),28,0.712,3.196361763000488
4,CFR (robust),29,0.668,3.196361763000488
4,CFR (robust),30,0.68,3.196361763000488
4,CFR (robust),31,0.764,3.196361763000488
4,CFR (robust),32,0.784,3.196361763000488
4,CFR (robust),33,0.752,3.196361763000488
4,CFR (robust),34,0.704,3.196361763000488
4,CFR (robust),35,0.692,3.196361763000488
4,CFR (robust),36,0.68,3.196361763000488
4,CFR (robust),37,0.692,3.196361763000488
4,CFR (robust),38,0.812,3.196361763000488
4,CFR (robust),39,0.756,3.196361763000488
4,CFR (robust),40,0.7,3.196361763000488
4,CFR (robust),41,0.672,3.196361763000488
4,CFR (robust),42,0.656,3.196361763000488
4,CFR (robust),43,0.72,3.196361763000488
4,CFR (robust),44,0.796,3.196361763000488
4,CFR (robust),45,0.784,3.196361763000488
4,CFR (robust),46,0.724,3.196361763000488
4,CFR (robust),47,0.664,3.196361763000488
4,CFR (robust),48,0.604,3.196361763000488
4,CFR (robust),49,0.7,3.196361763000488
4,CFR (robust),50,0.772,3.196361763000488
4,SPR (robust),0,1.0,4.516952132225037
4,SPR (robust),1,0.948,4.516952132225037
4,SPR (robust),2,0.88,4.516952132225037
4,SPR (robust),3,0.828,4.516952132225037
4,SPR (robust),4,0.804,4.516952132225037
4,SPR (robust),5,0.828,4.516952132225037
4,SPR (robust),6,0.84,4.516952132225037
4,SPR (robust),7,0.892,4.516952132225037
4,SPR (robust),8,0.848,4.516952132225037
4,SPR (robust),9,0.808,4.516952132225037
4,SPR (robust),10,0.788,4.516952132225037
4,SPR (robust),11,0.812,4.516952132225037
4,SPR (robust),12,0.86,4.516952132225037
4,SPR (robust),13,0.88,4.516952132225037
4,SPR (robust),14,0.884,4.516952132225037
4,SPR (robust),15,0.868,4.516952132225037
4,SPR (robust),16,0.8,4.516952132225037
4,SPR (robust),17,0.836,4.516952132225037
4,SPR (robust),18,0.84,4.516952132225037
4,SPR (robust),19,0.892,4.516952132225037
4,SPR (robust),20,0.896,4.516952132225037
4,SPR (robust),21,0.836,4.516952132225037
4,SPR (robust),22,0.804,4.516952132225037
4,SPR (robust),23,0.788,4.516952132225037
4,SPR (robust),24,0.796,4.516952132225037
4,SPR (robust),25,0.904,4.516952132225037
4,SPR (robust),26,0.892,4.516952132225037
4,SPR (robust),27,0.908,4.516952132225037
4,SPR (robust),28,0.856,4.516952132225037
4,SPR (robust),29,0.852,4.516952132225037
4,SPR (robust),30,0.848,4.516952132225037
4,SPR (robust),31,0.86,4.516952132225037
4,SPR (robust),32,0.892,4.516952132225037
4,SPR (robust),33,0.864,4.516952132225037
4,SPR (robust),34,0.832,4.516952132225037
4,SPR (robust),35,0.828,4.516952132225037
4,SPR (robust),36,0.808,4.516952132225037
4,SPR (robust),37,0.852,4.516952132225037
4,SPR (robust),38,0.92,4.516952132225037
4,SPR (robust),39,0.88,4.516952132225037
4,SPR (robust),40,0.836,4.516952132225037
4,SPR (robust),41,0.824,4.516952132225037
4,SPR (robust),42,0.828,4.516952132225037
4,SPR (robust),43,0.864,4.516952132225037
4,SPR (robust),44,0.9,4.516952132225037
4,SPR (robust),45,0.908,4.516952132225037
4,SPR (robust),46,0.86,4.516952132225037
4,SPR (robust),47,0.812,4.516952132225037
4,SPR (robust),48,0.796,4.516952132225037
4,SPR (robust),49,0.856,4.516952132225037
4,SPR (robust),50,0.9,4.516952132225037
4,IMF (robust),0,1.0,6.109915939331055
4,IMF (robust),1,1.0,6.109915939331055
4,IMF (robust),2,0.992,6.109915939331055
4,IMF (robust),3,0.956,6.109915939331055
4,IMF (robust),4,0.944,6.109915939331055
4,IMF (robust),5,0.968,6.109915939331055
4,IMF (robust),6,0.976,6.109915939331055
4,IMF (robust),7,0.988,6.109915939331055
4,IMF (robust),8,0.98,6.109915939331055
4,IMF (robust),9,0.952,6.109915939331055
4,IMF (robust),10,0.928,6.109915939331055
4,IMF (robust),11,0.956,6.109915939331055
4,IMF (robust),12,0.968,6.109915939331055
4,IMF (robust),13,0.984,6.109915939331055
4,IMF (robust),14,0.984,6.109915939331055
4,IMF (robust),15,0.964,6.109915939331055
4,IMF (robust),16,0.932,6.109915939331055
4,IMF (robust),17,0.956,6.109915939331055
4,IMF (robust),18,0.952,6.109915939331055
4,IMF (robust),19,0.988,6.109915939331055
4,IMF (robust),20,0.98,6.109915939331055
4,IMF (robust),21,0.96,6.109915939331055
4,IMF (robust),22,0.932,6.109915939331055
4,IMF (robust),23,0.944,6.109915939331055
4,IMF (robust),24,0.952,6.109915939331055
4,IMF (robust),25,0.992,6.109915939331055
4,IMF (robust),26,0.992,6.109915939331055
4,IMF (robust),27,0.984,6.109915939331055
4,IMF (robust),28,0.952,6.109915939331055
4,IMF (robust),29,0.948,6.109915939331055
4,IMF (robust),30,0.968,6.109915939331055
4,IMF (robust),31,0.996,6.109915939331055
4,IMF (robust),32,0.992,6.109915939331055
4,IMF (robust),33,0.96,6.109915939331055
4,IMF (robust),34,0.968,6.109915939331055
4,IMF (robust),35,0.94,6.109915939331055
4,IMF (robust),36,0.948,6.109915939331055
4,IMF (robust),37,0.984,6.109915939331055
4,IMF (robust),38,0.988,6.109915939331055
4,IMF (robust),39,0.98,6.109915939331055
4,IMF (robust),40,0.94,6.109915939331055
4,IMF (robust),41,0.952,6.109915939331055
4,IMF (robust),42,0.94,6.109915939331055
4,IMF (robust),43,0.96,6.109915939331055
4,IMF (robust),44,0.988,6.109915939331055
4,IMF (robust),45,0.988,6.109915939331055
4,IMF (robust),46,0.992,6.109915939331055
4,IMF (robust),47,0.964,6.109915939331055
4,IMF (robust),48,0.968,6.109915939331055
4,IMF (robust),49,0.968,6.109915939331055
4,IMF (robust),50,0.988,6.109915939331055
5,CFR (robust),0,1.0,3.207262806892395
5,CFR (robust),1,0.784,3.207262806892395
5,CFR (robust),2,0.692,3.207262806892395
5,CFR (robust),3,0.656,3.207262806892395
5,CFR (robust),4,0.612,3.207262806892395
5,CFR (robust),5,0.676,3.207262806892395
5,CFR (robust),6,0.728,3.207262806892395
5,CFR (robust),7,0.788,3.207262806892395
5,CFR (robust),8,0.728,3.207262806892395
5,CFR (robust),9,0.604,3.207262806892395
5,CFR (robust),10,0.592,3.207262806892395
5,CFR (robust),11,0.608,3.207262806892395
5,CFR (robust),12,0.716,3.207262806892395
5,CFR (robust),13,0.76,3.207262806892395
5,CFR (robust),14,0.76,3.207262806892395
5,CFR (robust),15,0.684,3.207262806892395
5,CFR (robust),16,0.648,3.207262806892395
5,CFR (robust),17,0.632,3.207262806892395
5,CFR (robust),18,0.7,3.207262806892395
5,CFR (robust),19,0.76,3.207262806892395
5,CFR (robust),20,0.736,3.207262806892395
5,CFR (robust),21,0.66,3.207262806892395
5,CFR (robust),22,0.628,3.207262806892395
5,CFR (robust),23,0.644,3.207262806892395
5,CFR (robust),24,0.644,3.207262806892395
5,CFR (robust),25,0.82,3.207262806892395
5,CFR (robust),26,0.788,3.207262806892395
5,CFR (robust),27,0.724,3.207262806892395
5,CFR (robust),28,0.684,3.207262806892395
5,CFR (robust),29,0.66,3.207262806892395
5,CFR (robust),30,0.672,3.207262806892395
5,CFR (robust),31,0.756,3.207262806892395
5,CFR (robust),32,0.792,3.207262806892395
5,CFR (robust),33,0.74,3.207262806892395
5,CFR (robust),34,0.688,3.207262806892395
5,CFR (robust),35,0.672,3.207262806892395
5,CFR (robust),36,0.656,3.207262806892395
5,CFR (robust),37,0.684,3.207262806892395
5,CFR (robust),38,0.808,3.207262806892395
5,CFR (robust),39,0.732,3.207262806892395
5,CFR (robust),40,0.696,3.207262806892395
5,CFR (robust),41,0.644,3.207262806892395
5,CFR (robust),42,0.632,3.207262806892395
5,CFR (robust),43,0.692,3.207262806892395
5,CFR (robust),44,0.776,3.207262806892395
5,CFR (robust),45,0.792,3.207262806892395
5,CFR (robust),46,0.704,3.207262806892395
5,CFR (robust),47,0.656,3.207262806892395
5,CFR (robust),48,0.596,3.207262806892395
5,CFR (robust),49,0.664,3.207262806892395
5,CFR (robust),50,0.764,3.207262806892395
5,SPR (robust),0,1.0,4.417706222534179
5,SPR (robust),1,0.932,4.417706222534179
5,SPR (robust),2,0.836,4.417706222534179
5,SPR (robust),3,0.812,4.417706222534179
5,SPR (robust),4,0.788,4.417706222534179
5,SPR (robust),5,0.808,4.417706222534179
5,SPR (robust),6,0.828,4.417706222534179
5,SPR (robust),7,0.884,4.417706222534179
5,SPR (robust),8,0.84,4.417706222534179
5,SPR (robust),9,0.78,4.417706222534179
5,SPR (robust),10,0.744,4.417706222534179
5,SPR (robust),11,0.764,4.417706222534179
5,SPR (robust),12,0.836,4.417706222534179
5,SPR (robust),13,0.856,4.417706222534179
5,SPR (robust),14,0.844,4.417706222534179
5,SPR (robust),15,0.844,4.417706222534179
5,SPR (robust),16,0.804,4.417706222534179
5,SPR (robust),17,0.808,4.417706222534179
5,SPR (robust),18,0.816,4.417706222534179
5,SPR (robust),19,0.876,4.417706222534179
5,SPR (robust),20,0.864,4.417706222534179
5,SPR (robust),21,0.788,4.417706222534179
5,SPR (robust),22,0.788,4.417706222534179
5,SPR (robust),23,0.776,4.417706222534179
5,SPR (robust),24,0.792,4.417706222534179
5,SPR (robust),25,0.908,4.417706222534179
5,SPR (robust),26,0.888,4.417706222534179
5,SPR (robust),27,0.868,4.417706222534179
5,SPR (robust),28,0.828,4.417706222534179
5,SPR (robust),29,0.84,4.417706222534179
5,SPR (robust),30,0.844,4.417706222534179
5,SPR (robust),31,0.872,4.417706222534179
5,SPR (robust),32,0.896,4.417706222534179
5,SPR (robust),33,0.848,4.417706222534179
5,SPR (robust),34,0.792,4.417706222534179
5,SPR (robust),35,0.808,4.417706222534179
5,SPR (robust),36,0.784,4.417706222534179
5,SPR (robust),37,0.836,4.417706222534179
5,SPR (robust),38,0.872,4.417706222534179
5,SPR (robust),39,0.856,4.417706222534179
5,SPR (robust),40,0.836,4.417706222534179
5,SPR (robust),41,0.796,4.417706222534179
5,SPR (robust),42,0.804,4.417706222534179
5,SPR (robust),43,0.852,4.417706222534179
5,SPR (robust),44,0.876,4.417706222534179
5,SPR (robust),45,0.876,4.417706222534179
5,SPR (robust),46,0.848,4.417706222534179
5,SPR (robust),47,0.788,4.417706222534179
5,SPR (robust),48,0.788,4.417706222534179
5,SPR (robust),49,0.8,4.417706222534179
5,SPR (robust),50,0.864,4.417706222534179
5,IMF (robust),0,1.0,6.110622671127319
5,IMF (robust),1,1.0,6.110622671127319
5,IMF (robust),2,0.992,6.110622671127319
5,IMF (robust),3,0.948,6.110622671127319
5,IMF (robust),4,0.936,6.110622671127319
5,IMF (robust),5,0.968,6.110622671127319
5,IMF (robust),6,0.98,6.110622671127319
5,IMF (robust),7,0.988,6.110622671127319
5,IMF (robust),8,0.972,6.110622671127319
5,IMF (robust),9,0.948,6.110622671127319
5,IMF (robust),10,0.92,6.110622671127319
5,IMF (robust),11,0.944,6.110622671127319
5,IMF (robust),12,0.96,6.110622671127319
5,IMF (robust),13,0.984,6.110622671127319
5,IMF (robust),14,0.98,6.110622671127319
5,IMF (robust),15,0.968,6.110622671127319
5,IMF (robust),16,0.936,6.110622671127319
5,IMF (robust),17,0.952,6.110622671127319
5,IMF (robust),18,0.944,6.110622671127319
5,IMF (robust),19,0.988,6.110622671127319
5,IMF (robust),20,0.976,6.110622671127319
5,IMF (robust),21,0.952,6.110622671127319
5,IMF (robust),22,0.928,6.110622671127319
5,IMF (robust),23,0.932,6.110622671127319
5,IMF (robust),24,0.948,6.110622671127319
5,IMF (robust),25,0.992,6.110622671127319
5,IMF (robust),26,0.992,6.110622671127319
5,IMF (robust),27,0.984,6.110622671127319
5,IMF (robust),28,0.948,6.110622671127319
5,IMF (robust),29,0.948,6.110622671127319
5,IMF (robust),30,0.96,6.110622671127319
5,IMF (robust),31,0.988,6.110622671127319
5,IMF (robust),32,0.992,6.110622671127319
5,IMF (robust),33,0.956,6.110622671127319
5,IMF (robust),34,0.96,6.110622671127319
5,IMF (robust),35,0.936,6.110622671127319
5,IMF (robust),36,0.944,6.110622671127319
5,IMF (robust),37,0.98,6.110622671127319
5,IMF (robust),38,0.988,6.110622671127319
5,IMF (robust),39,0.976,6.110622671127319
5,IMF (robust),40,0.932,6.110622671127319
5,IMF (robust),41,0.94,6.110622671127319
5,IMF (robust),42,0.932,6.110622671127319
5,IMF (robust),43,0.956,6.110622671127319
5,IMF (robust),44,0.988,6.110622671127319
5,IMF (robust),45,0.988,6.110622671127319
5,IMF (robust),46,0.984,6.110622671127319
5,IMF (robust),47,0.956,6.110622671127319
5,IMF (robust),48,0.964,6.110622671127319
5,IMF (robust),49,0.956,6.110622671127319
5,IMF (robust),50,0.984,6.110622671127319
6,CFR (robust),0,1.0,3.24316020488739
6,CFR (robust),1,0.768,3.24316020488739
6,CFR (robust),2,0.692,3.24316020488739
6,CFR (robust),3,0.644,3.24316020488739
6,CFR (robust),4,0.596,3.24316020488739
6,CFR (robust),5,0.668,3.24316020488739
6,CFR (robust),6,0.708,3.24316020488739
6,CFR (robust),7,0.788,3.24316020488739
6,CFR (robust),8,0.72,3.24316020488739
6,CFR (robust),9,0.632,3.24316020488739
6,CFR (robust),10,0.604,3.24316020488739
6,CFR (robust),11,0.6,3.24316020488739
6,CFR (robust),12,0.712,3.24316020488739
6,CFR (robust),13,0.756,3.24316020488739
6,CFR (robust),14,0.764,3.24316020488739
6,CFR (robust),15,0.66,3.24316020488739
6,CFR (robust),16,0.636,3.24316020488739
6,CFR (robust),17,0.64,3.24316020488739
6,CFR (robust),18,0.708,3.24316020488739
6,CFR (robust),19,0.752,3.24316020488739
6,CFR (robust),20,0.752,3.24316020488739
6,CFR (robust),21,0.656,3.24316020488739
6,CFR (robust),22,0.636,3.24316020488739
6,CFR (robust),23,0.648,3.24316020488739
6,CFR (robust),24,0.652,3.24316020488739
6,CFR (robust),25,0.804,3.24316020488739
6,CFR (robust),26,0.78,3.24316020488739
6,CFR (robust),27,0.724,3.24316020488739
6,CFR (robust),28,0.704,3.24316020488739
6,CFR (robust),29,0.652,3.24316020488739
6,CFR (robust),30,0.668,3.24316020488739
6,CFR (robust),31,0.728,3.24316020488739
6,CFR (robust),32,0.772,3.24316020488739
6,CFR (robust),33,0.724,3.24316020488739
6,CFR (robust),34,0.704,3.24316020488739
6,CFR (robust),35,0.68,3.24316020488739
6,CFR (robust),36,0.676,3.24316020488739
6,CFR (robust),37,0.696,3.24316020488739
6,CFR (robust),38,0.796,3.24316020488739
6,CFR (robust),39,0.716,3.24316020488739
6,CFR (robust),40,0.692,3.24316020488739
6,CFR (robust),41,0.668,3.24316020488739
6,CFR (robust),42,0.656,3.24316020488739
6,CFR (robust),43,0.692,3.24316020488739
6,CFR (robust),44,0.788,3.24316020488739
6,CFR (robust),45,0.772,3.24316020488739
6,CFR (robust),46,0.712,3.24316020488739
6,CFR (robust),47,0.656,3.24316020488739
6,CFR (robust),48,0.6,3.24316020488739
6,CFR (robust),49,0.676,3.24316020488739
6,CFR (robust),50,0.748,3.24316020488739
6,SPR (robust),0,1.0,4.596576031684876
6,SPR (robust),1,0.944,4.596576031684876
6,SPR (robust),2,0.88,4.596576031684876
6,SPR (robust),3,0.804,4.596576031684876
6,SPR (robust),4,0.796,4.596576031684876
6,SPR (robust),5,0.816,4.596576031684876
6,SPR (robust),6,0.828,4.596576031684876
6,SPR (robust),7,0.888,4.596576031684876
6,SPR (robust),8,0.836,4.596576031684876
6,SPR (robust),9,0.792,4.596576031684876
6,SPR (robust),10,0.78,4.596576031684876
6,SPR (robust),11,0.76,4.596576031684876
6,SPR (robust),12,0.84,4.596576031684876
6,SPR (robust),13,0.88,4.596576031684876
6,SPR (robust),14,0.864,4.596576031684876
6,SPR (robust),15,0.844,4.596576031684876
6,SPR (robust),16,0.788,4.596576031684876
6,SPR (robust),17,0.82,4.596576031684876
6,SPR (robust),18,0.832,4.596576031684876
6,SPR (robust),19,0.864,4.596576031684876
6,SPR (robust),20,0.86,4.596576031684876
6,SPR (robust),21,0.816,4.596576031684876
6,SPR (robust),22,0.776,4.596576031684876
6,SPR (robust),23,0.804,4.596576031684876
6,SPR (robust),24,0.808,4.596576031684876
6,SPR (robust),25,0.888,4.596576031684876
6,SPR (robust),26,0.896,4.596576031684876
6,SPR (robust),27,0.88,4.596576031684876
6,SPR (robust),28,0.816,4.596576031684876
6,SPR (robust),29,0.832,4.596576031684876
6,SPR (robust),30,0.824,4.596576031684876
6,SPR (robust),31,0.864,4.596576031684876
6,SPR (robust),32,0.868,4.596576031684876
6,SPR (robust),33,0.844,4.596576031684876
6,SPR (robust),34,0.824,4.596576031684876
6,SPR (robust),35,0.824,4.596576031684876
6,SPR (robust),36,0.812,4.596576031684876
6,SPR (robust),37,0.852,4.596576031684876
6,SPR (robust),38,0.888,4.596576031684876
6,SPR (robust),39,0.836,4.596576031684876
6,SPR (robust),40,0.812,4.596576031684876
6,SPR (robust),41,0.816,4.596576031684876
6,SPR (robust),42,0.796,4.596576031684876
6,SPR (robust),43,0.836,4.596576031684876
6,SPR (robust),44,0.888,4.596576031684876
6,SPR (robust),45,0.888,4.596576031684876
6,SPR (robust),46,0.856,4.596576031684876
6,SPR (robust),47,0.8,4.596576031684876
6,SPR (robust),48,0.792,4.596576031684876
6,SPR (robust),49,0.824,4.596576031684876
6,SPR (robust),50,0.872,4.596576031684876
6,IMF (robust),0,1.0,6.151841602325439
6,IMF (robust),1,0.996,6.151841602325439
6,IMF (robust),2,0.988,6.151841602325439
6,IMF (robust),3,0.94,6.151841602325439
6,IMF (robust),4,0.924,6.151841602325439
6,IMF (robust),5,0.968,6.151841602325439
6,IMF (robust),6,0.976,6.151841602325439
6,IMF (robust),7,0.988,6.151841602325439
6,IMF (robust),8,0.972,6.151841602325439
6,IMF (robust),9,0.94,6.151841602325439
6,IMF (robust),10,0.928,6.151841602325439
6,IMF (robust),11,0.936,6.151841602325439
6,IMF (robust),12,0.948,6.151841602325439
6,IMF (robust),13,0.984,6.151841602325439
6,IMF (robust),14,0.98,6.151841602325439
6,IMF (robust),15,0.956,6.151841602325439
6,IMF (robust),16,0.92,6.151841602325439
6,IMF (robust),17,0.944,6.151841602325439
6,IMF (robust),18,0.94,6.151841602325439
6,IMF (robust),19,0.98,6.151841602325439
6,IMF (robust),20,0.972,6.151841602325439
6,IMF (robust),21,0.956,6.151841602325439
6,IMF (robust),22,0.928,6.151841602325439
6,IMF (robust),23,0.924,6.151841602325439
6,IMF (robust),24,0.948,6.151841602325439
6,IMF (robust),25,0.988,6.151841602325439
6,IMF (robust),26,0.992,6.151841602325439
6,IMF (robust),27,0.98,6.151841602325439
6,IMF (robust),28,0.94,6.151841602325439
6,IMF (robust),29,0.936,6.151841602325439
6,IMF (robust),30,0.956,6.151841602325439
6,IMF (robust),31,0.984,6.151841602325439
6,IMF (robust),32,0.988,6.151841602325439
6,IMF (robust),33,0.948,6.151841602325439
6,IMF (robust),34,0.96,6.151841602325439
6,IMF (robust),35,0.936,6.151841602325439
6,IMF (robust),36,0.92,6.151841602325439
6,IMF (robust),37,0.98,6.151841602325439
6,IMF (robust),38,0.98,6.151841602325439
6,IMF (robust),39,0.972,6.151841602325439
6,IMF (robust),40,0.912,6.151841602325439
6,IMF (robust),41,0.936,6.151841602325439
6,IMF (robust),42,0.936,6.151841602325439
6,IMF (robust),43,0.952,6.151841602325439
6,IMF (robust),44,0.98,6.151841602325439
6,IMF (robust),45,0.98,6.151841602325439
6,IMF (robust),46,0.984,6.151841602325439
6,IMF (robust),47,0.94,6.151841602325439
6,IMF (robust),48,0.956,6.151841602325439
6,IMF (robust),49,0.952,6.151841602325439
6,IMF (robust),50,0.98,6.151841602325439
7,CFR (robust),0,1.0,3.244546669960022
7,CFR (robust),1,0.792,3.244546669960022
7,CFR (robust),2,0.684,3.244546669960022
7,CFR (robust),3,0.644,3.244546669960022
7,CFR (robust),4,0.596,3.244546669960022
7,CFR (robust),5,0.656,3.244546669960022
7,CFR (robust),6,0.704,3.244546669960022
7,CFR (robust),7,0.784,3.244546669960022
7,CFR (robust),8,0.712,3.244546669960022
7,CFR (robust),9,0.596,3.244546669960022
7,CFR (robust),10,0.56,3.244546669960022
7,CFR (robust),11,0.572,3.244546669960022
7,CFR (robust),12,0.708,3.244546669960022
7,CFR (robust),13,0.76,3.244546669960022
7,CFR (robust),14,0.744,3.244546669960022
7,CFR (robust),15,0.684,3.244546669960022
7,CFR (robust),16,0.64,3.244546669960022
7,CFR (robust),17,0.624,3.244546669960022
7,CFR (robust),18,0.696,3.244546669960022
7,CFR (robust),19,0.736,3.244546669960022
7,CFR (robust),20,0.74,3.244546669960022
7,CFR (robust),21,0.652,3.244546669960022
7,CFR (robust),22,0.6,3.244546669960022
7,CFR (robust),23,0.604,3.244546669960022
7,CFR (robust),24,0.624,3.244546669960022
7,CFR (robust),25,0.78,3.244546669960022
7,CFR (robust),26,0.764,3.244546669960022
7,CFR (robust),27,0.728,3.244546669960022
7,CFR (robust),28,0.652,3.244546669960022
7,CFR (robust),29,0.64,3.244546669960022
7,CFR (robust),30,0.652,3.244546669960022
7,CFR (robust),31,0.74,3.244546669960022
7,CFR (robust),32,0.768,3.244546669960022
7,CFR (robust),33,0.732,3.244546669960022
7,CFR (robust),34,0.68,3.244546669960022
7,CFR (robust),35,0.664,3.244546669960022
7,CFR (robust),36,0.652,3.244546669960022
7,CFR (robust),37,0.68,3.244546669960022
7,CFR (robust),38,0.796,3.244546669960022
7,CFR (robust),39,0.736,3.244546669960022
7,CFR (robust),40,0.68,3.244546669960022
7,CFR (robust),41,0.62,3.244546669960022
7,CFR (robust),42,0.624,3.244546669960022
7,CFR (robust),43,0.68,3.244546669960022
7,CFR (robust),44,0.772,3.244546669960022
7,CFR (robust),45,0.788,3.244546669960022
7,CFR (robust),46,0.676,3.244546669960022
7,CFR (robust),47,0.648,3.244546669960022
7,CFR (robust),48,0.588,3.244546669960022
7,CFR (robust),49,0.664,3.244546669960022
7,CFR (robust),50,0.744,3.244546669960022
7,SPR (robust),0,0.996,4.491808338816386
7,SPR (robust),1,0.932,4.491808338816386
7,SPR (robust),2,0.876,4.491808338816386
7,SPR (robust),3,0.848,4.491808338816386
7,SPR (robust),4,0.804,4.491808338816386
7,SPR (robust),5,0.804,4.491808338816386
7,SPR (robust),6,0.84,4.491808338816386
7,SPR (robust),7,0.888,4.491808338816386
7,SPR (robust),8,0.832,4.491808338816386
7,SPR (robust),9,0.772,4.491808338816386
7,SPR (robust),10,0.76,4.491808338816386
7,SPR (robust),11,0.788,4.491808338816386
7,SPR (robust),12,0.852,4.491808338816386
7,SPR (robust),13,0.9,4.491808338816386
7,SPR (robust),14,0.868,4.491808338816386
7,SPR (robust),15,0.832,4.491808338816386
7,SPR (robust),16,0.784,4.491808338816386
7,SPR (robust),17,0.804,4.491808338816386
7,SPR (robust),18,0.816,4.491808338816386
7,SPR (robust),19,0.88,4.491808338816386
7,SPR (robust),20,0.872,4.491808338816386
7,SPR (robust),21,0.828,4.491808338816386
7,SPR (robust),22,0.788,4.491808338816386
7,SPR (robust),23,0.8,4.491808338816386
7,SPR (robust),24,0.792,4.491808338816386
7,SPR (robust),25,0.9,4.491808338816386
7,SPR (robust),26,0.876,4.491808338816386
7,SPR (robust),27,0.884,4.491808338816386
7,SPR (robust),28,0.812,4.491808338816386
7,SPR (robust),29,0.832,4.491808338816386
7,SPR (robust),30,0.824,4.491808338816386
7,SPR (robust),31,0.852,4.491808338816386
7,SPR (robust),32,0.868,4.491808338816386
7,SPR (robust),33,0.84,4.491808338816386
7,SPR (robust),34,0.796,4.491808338816386
7,SPR (robust),35,0.792,4.491808338816386
7,SPR (robust),36,0.796,4.491808338816386
7,SPR (robust),37,0.832,4.491808338816386
7,SPR (robust),38,0.876,4.491808338816386
7,SPR (robust),39,0.852,4.491808338816386
7,SPR (robust),40,0.816,4.491808338816386
7,SPR (robust),41,0.784,4.491808338816386
7,SPR (robust),42,0.796,4.491808338816386
7,SPR (robust),43,0.84,4.491808338816386
7,SPR (robust),44,0.876,4.491808338816386
7,SPR (robust),45,0.88,4.491808338816386
7,SPR (robust),46,0.84,4.491808338816386
7,SPR (robust),47,0.788,4.491808338816386
7,SPR (robust),48,0.796,4.491808338816386
7,SPR (robust),49,0.824,4.491808338816386
7,SPR (robust),50,0.872,4.491808338816386
7,IMF (robust),0,1.0,6.075380001068115
7,IMF (robust),1,1.0,6.075380001068115
7,IMF (robust),2,0.984,6.075380001068115
7,IMF (robust),3,0.952,6.075380001068115
7,IMF (robust),4,0.936,6.075380001068115
7,IMF (robust),5,0.964,6.075380001068115
7,IMF (robust),6,0.972,6.075380001068115
7,IMF (robust),7,0.988,6.075380001068115
7,IMF (robust),8,0.972,6.075380001068115
7,IMF (robust),9,0.94,6.075380001068115
7,IMF (robust),10,0.924,6.075380001068115
7,IMF (robust),11,0.936,6.075380001068115
7,IMF (robust),12,0.96,6.075380001068115
7,IMF (robust),13,0.988,6.075380001068115
7,IMF (robust),14,0.98,6.075380001068115
7,IMF (robust),15,0.968,6.075380001068115
7,IMF (robust),16,0.932,6.075380001068115
7,IMF (robust),17,0.948,6.075380001068115
7,IMF (robust),18,0.948,6.075380001068115
7,IMF (robust),19,0.984,6.075380001068115
7,IMF (robust),20,0.976,6.075380001068115
7,IMF (robust),21,0.948,6.075380001068115
7,IMF (robust),22,0.928,6.075380001068115
7,IMF (robust),23,0.924,6.075380001068115
7,IMF (robust),24,0.948,6.075380001068115
7,IMF (robust),25,0.984,6.075380001068115
7,IMF (robust),26,0.992,6.075380001068115
7,IMF (robust),27,0.984,6.075380001068115
7,IMF (robust),28,0.944,6.075380001068115
7,IMF (robust),29,0.948,6.075380001068115
7,IMF (robust),30,0.956,6.075380001068115
7,IMF (robust),31,0.988,6.075380001068115
7,IMF (robust),32,0.992,6.075380001068115
7,IMF (robust),33,0.956,6.075380001068115
7,IMF (robust),34,0.956,6.075380001068115
7,IMF (robust),35,0.94,6.075380001068115
7,IMF (robust),36,0.944,6.075380001068115
7,IMF (robust),37,0.976,6.075380001068115
7,IMF (robust),38,0.988,6.075380001068115
7,IMF (robust),39,0.968,6.075380001068115
7,IMF (robust),40,0.924,6.075380001068115
7,IMF (robust),41,0.94,6.075380001068115
7,IMF (robust),42,0.932,6.075380001068115
7,IMF (robust),43,0.952,6.075380001068115
7,IMF (robust),44,0.984,6.075380001068115
7,IMF (robust),45,0.988,6.075380001068115
7,IMF (robust),46,0.98,6.075380001068115
7,IMF (robust),47,0.948,6.075380001068115
7,IMF (robust),48,0.956,6.075380001068115
7,IMF (robust),49,0.956,6.075380001068115
7,IMF (robust),50,0.98,6.075380001068115
8,CFR (robust),0,1.0,3.3396838207244874
8,CFR (robust),1,0.78,3.3396838207244874
8,CFR (robust),2,0.672,3.3396838207244874
8,CFR (robust),3,0.64,3.3396838207244874
8,CFR (robust),4,0.608,3.3396838207244874
8,CFR (robust),5,0.64,3.3396838207244874
8,CFR (robust),6,0.676,3.3396838207244874
8,CFR (robust),7,0.768,3.3396838207244874
8,CFR (robust),8,0.696,3.3396838207244874
8,CFR (robust),9,0.592,3.3396838207244874
8,CFR (robust),10,0.56,3.3396838207244874
8,CFR (robust),11,0.568,3.3396838207244874
8,CFR (robust),12,0.696,3.3396838207244874
8,CFR (robust),13,0.744,3.3396838207244874
8,CFR (robust),14,0.748,3.3396838207244874
8,CFR (robust),15,0.684,3.3396838207244874
8,CFR (robust),16,0.624,3.3396838207244874
8,CFR (robust),17,0.612,3.3396838207244874
8,CFR (robust),18,0.692,3.3396838207244874
8,CFR (robust),19,0.716,3.3396838207244874
8,CFR (robust),20,0.74,3.3396838207244874
8,CFR (robust),21,0.64,3.3396838207244874
8,CFR (robust),22,0.596,3.3396838207244874
8,CFR (robust),23,0.624,3.3396838207244874
8,CFR (robust),24,0.644,3.3396838207244874
8,CFR (robust),25,0.776,3.3396838207244874
8,CFR (robust),26,0.756,3.3396838207244874
8,CFR (robust),27,0.692,3.3396838207244874
8,CFR (robust),28,0.664,3.3396838207244874
8,CFR (robust),29,0.632,3.3396838207244874
8,CFR (robust),30,0.652,3.3396838207244874
8,CFR (robust),31,0.736,3.3396838207244874
8,CFR (robust),32,0.756,3.3396838207244874
8,CFR (robust),33,0.724,3.3396838207244874
8,CFR (robust),34,0.688,3.3396838207244874
8,CFR (robust),35,0.672,3.3396838207244874
8,CFR (robust),36,0.656,3.3396838207244874
8,CFR (robust),37,0.696,3.3396838207244874
8,CFR (robust),38,0.776,3.3396838207244874
8,CFR (robust),39,0.696,3.3396838207244874
8,CFR (robust),40,0.672,3.3396838207244874
8,CFR (robust),41,0.624,3.3396838207244874
8,CFR (robust),42,0.632,3.3396838207244874
8,CFR (robust),43,0.668,3.3396838207244874
8,CFR (robust),44,0.76,3.3396838207244874
8,CFR (robust),45,0.752,3.3396838207244874
8,CFR (robust),46,0.648,3.3396838207244874
8,CFR (robust),47,0.608,3.3396838207244874
8,CFR (robust),48,0.572,3.3396838207244874
8,CFR (robust),49,0.676,3.3396838207244874
8,CFR (robust),50,0.732,3.3396838207244874
8,SPR (robust),0,1.0,4.753338144302369
8,SPR (robust),1,0.956,4.753338144302369
8,SPR (robust),2,0.852,4.753338144302369
8,SPR (robust),3,0.828,4.753338144302369
8,SPR (robust),4,0.8,4.753338144302369
8,SPR (robust),5,0.824,4.753338144302369
8,SPR (robust),6,0.816,4.753338144302369
8,SPR (robust),7,0.88,4.753338144302369
8,SPR (robust),8,0.852,4.753338144302369
8,SPR (robust),9,0.796,4.753338144302369
8,SPR (robust),10,0.784,4.753338144302369
8,SPR (robust),11,0.78,4.753338144302369
8,SPR (robust),12,0.856,4.753338144302369
8,SPR (robust),13,0.892,4.753338144302369
8,SPR (robust),14,0.868,4.753338144302369
8,SPR (robust),15,0.844,4.753338144302369
8,SPR (robust),16,0.796,4.753338144302369
8,SPR (robust),17,0.824,4.753338144302369
8,SPR (robust),18,0.808,4.753338144302369
8,SPR (robust),19,0.868,4.753338144302369
8,SPR (robust),20,0.876,4.753338144302369
8,SPR (robust),21,0.832,4.753338144302369
8,SPR (robust),22,0.82,4.753338144302369
8,SPR (robust),23,0.808,4.753338144302369
8,SPR (robust),24,0.808,4.753338144302369
8,SPR (robust),25,0.904,4.753338144302369
8,SPR (robust),26,0.876,4.753338144302369
8,SPR (robust),27,0.88,4.753338144302369
8,SPR (robust),28,0.812,4.753338144302369
8,SPR (robust),29,0.828,4.753338144302369
8,SPR (robust),30,0.824,4.753338144302369
8,SPR (robust),31,0.884,4.753338144302369
8,SPR (robust),32,0.88,4.753338144302369
8,SPR (robust),33,0.848,4.753338144302369
8,SPR (robust),34,0.828,4.753338144302369
8,SPR (robust),35,0.812,4.753338144302369
8,SPR (robust),36,0.808,4.753338144302369
8,SPR (robust),37,0.848,4.753338144302369
8,SPR (robust),38,0.9,4.753338144302369
8,SPR (robust),39,0.832,4.753338144302369
8,SPR (robust),40,0.836,4.753338144302369
8,SPR (robust),41,0.792,4.753338144302369
8,SPR (robust),42,0.8,4.753338144302369
8,SPR (robust),43,0.848,4.753338144302369
8,SPR (robust),44,0.864,4.753338144302369
8,SPR (robust),45,0.884,4.753338144302369
8,SPR (robust),46,0.864,4.753338144302369
8,SPR (robust),47,0.824,4.753338144302369
8,SPR (robust),48,0.796,4.753338144302369
8,SPR (robust),49,0.832,4.753338144302369
8,SPR (robust),50,0.88,4.753338144302369
8,IMF (robust),0,1.0,6.198099296569824
8,IMF (robust),1,0.996,6.198099296569824
8,IMF (robust),2,0.984,6.198099296569824
8,IMF (robust),3,0.944,6.198099296569824
8,IMF (robust),4,0.912,6.198099296569824
8,IMF (robust),5,0.94,6.198099296569824
8,IMF (robust),6,0.952,6.198099296569824
8,IMF (robust),7,0.976,6.198099296569824
8,IMF (robust),8,0.968,6.198099296569824
8,IMF (robust),9,0.928,6.198099296569824
8,IMF (robust),10,0.9,6.198099296569824
8,IMF (robust),11,0.912,6.198099296569824
8,IMF (robust),12,0.94,6.198099296569824
8,IMF (robust),13,0.984,6.198099296569824
8,IMF (robust),14,0.976,6.198099296569824
8,IMF (robust),15,0.96,6.198099296569824
8,IMF (robust),16,0.908,6.198099296569824
8,IMF (robust),17,0.932,6.198099296569824
8,IMF (robust),18,0.936,6.198099296569824
8,IMF (robust),19,0.972,6.198099296569824
8,IMF (robust),20,0.96,6.198099296569824
8,IMF (robust),21,0.956,6.198099296569824
8,IMF (robust),22,0.912,6.198099296569824
8,IMF (robust),23,0.908,6.198099296569824
8,IMF (robust),24,0.944,6.198099296569824
8,IMF (robust),25,0.98,6.198099296569824
8,IMF (robust),26,0.992,6.198099296569824
8,IMF (robust),27,0.976,6.198099296569824
8,IMF (robust),28,0.924,6.198099296569824
8,IMF (robust),29,0.936,6.198099296569824
8,IMF (robust),30,0.944,6.198099296569824
8,IMF (robust),31,0.968,6.198099296569824
8,IMF (robust),32,0.984,6.198099296569824
8,IMF (robust),33,0.944,6.198099296569824
8,IMF (robust),34,0.94,6.198099296569824
8,IMF (robust),35,0.912,6.198099296569824
8,IMF (robust),36,0.916,6.198099296569824
8,IMF (robust),37,0.972,6.198099296569824
8,IMF (robust),38,0.976,6.198099296569824
8,IMF (robust),39,0.964,6.198099296569824
8,IMF (robust),40,0.908,6.198099296569824
8,IMF (robust),41,0.924,6.198099296569824
8,IMF (robust),42,0.924,6.198099296569824
8,IMF (robust),43,0.94,6.198099296569824
8,IMF (robust),44,0.968,6.198099296569824
8,IMF (robust),45,0.98,6.198099296569824
8,IMF (robust),46,0.964,6.198099296569824
8,IMF (robust),47,0.932,6.198099296569824
8,IMF (robust),48,0.948,6.198099296569824
8,IMF (robust),49,0.94,6.198099296569824
8,IMF (robust),50,0.968,6.198099296569824
9,CFR (robust),0,1.0,3.2938507604599
9,CFR (robust),1,0.78,3.2938507604599
9,CFR (robust),2,0.688,3.2938507604599
9,CFR (robust),3,0.656,3.2938507604599
9,CFR (robust),4,0.624,3.2938507604599
9,CFR (robust),5,0.668,3.2938507604599
9,CFR (robust),6,0.704,3.2938507604599
9,CFR (robust),7,0.792,3.2938507604599
9,CFR (robust),8,0.716,3.2938507604599
9,CFR (robust),9,0.604,3.2938507604599
9,CFR (robust),10,0.588,3.2938507604599
9,CFR (robust),11,0.584,3.2938507604599
9,CFR (robust),12,0.708,3.2938507604599
9,CFR (robust),13,0.756,3.2938507604599
9,CFR (robust),14,0.756,3.2938507604599
9,CFR (robust),15,0.68,3.2938507604599
9,CFR (robust),16,0.644,3.2938507604599
9,CFR (robust),17,0.64,3.2938507604599
9,CFR (robust),18,0.708,3.2938507604599
9,CFR (robust),19,0.748,3.2938507604599
9,CFR (robust),20,0.744,3.2938507604599
9,CFR (robust),21,0.632,3.2938507604599
9,CFR (robust),22,0.592,3.2938507604599
9,CFR (robust),23,0.628,3.2938507604599
9,CFR (robust),24,0.652,3.2938507604599
9,CFR (robust),25,0.796,3.2938507604599
9,CFR (robust),26,0.768,3.2938507604599
9,CFR (robust),27,0.716,3.2938507604599
9,CFR (robust),28,0.668,3.2938507604599
9,CFR (robust),29,0.648,3.2938507604599
9,CFR (robust),30,0.66,3.2938507604599
9,CFR (robust),31,0.748,3.2938507604599
9,CFR (robust),32,0.78,3.2938507604599
9,CFR (robust),33,0.724,3.2938507604599
9,CFR (robust),34,0.688,3.2938507604599
9,CFR (robust),35,0.664,3.2938507604599
9,CFR (robust),36,0.676,3.2938507604599
9,CFR (robust),37,0.7,3.2938507604599
9,CFR (robust),38,0.784,3.2938507604599
9,CFR (robust),39,0.712,3.2938507604599
9,CFR (robust),40,0.672,3.2938507604599
9,CFR (robust),41,0.64,3.2938507604599
9,CFR (robust),42,0.656,3.2938507604599
9,CFR (robust),43,0.692,3.2938507604599
9,CFR (robust),44,0.764,3.2938507604599
9,CFR (robust),45,0.76,3.2938507604599
9,CFR (robust),46,0.688,3.2938507604599
9,CFR (robust),47,0.652,3.2938507604599
9,CFR (robust),48,0.576,3.2938507604599
9,CFR (robust),49,0.652,3.2938507604599
9,CFR (robust),50,0.744,3.2938507604599
9,SPR (robust),0,1.0,4.681294541358948
9,SPR (robust),1,0.964,4.681294541358948
9,SPR (robust),2,0.884,4.681294541358948
9,SPR (robust),3,0.824,4.681294541358948
9,SPR (robust),4,0.808,4.681294541358948
9,SPR (robust),5,0.828,4.681294541358948
9,SPR (robust),6,0.836,4.681294541358948
9,SPR (robust),7,0.884,4.681294541358948
9,SPR (robust),8,0.84,4.681294541358948
9,SPR (robust),9,0.808,4.681294541358948
9,SPR (robust),10,0.776,4.681294541358948
9,SPR (robust),11,0.784,4.681294541358948
9,SPR (robust),12,0.852,4.681294541358948
9,SPR (robust),13,0.908,4.681294541358948
9,SPR (robust),14,0.876,4.681294541358948
9,SPR (robust),15,0.868,4.681294541358948
9,SPR (robust),16,0.812,4.681294541358948
9,SPR (robust),17,0.832,4.681294541358948
9,SPR (robust),18,0.828,4.681294541358948
9,SPR (robust),19,0.884,4.681294541358948
9,SPR (robust),20,0.888,4.681294541358948
9,SPR (robust),21,0.844,4.681294541358948
9,SPR (robust),22,0.804,4.681294541358948
9,SPR (robust),23,0.8,4.681294541358948
9,SPR (robust),24,0.812,4.681294541358948
9,SPR (robust),25,0.908,4.681294541358948
9,SPR (robust),26,0.896,4.681294541358948
9,SPR (robust),27,0.88,4.681294541358948
9,SPR (robust),28,0.82,4.681294541358948
9,SPR (robust),29,0.82,4.681294541358948
9,SPR (robust),30,0.832,4.681294541358948
9,SPR (robust),31,0.88,4.681294541358948
9,SPR (robust),32,0.872,4.681294541358948
9,SPR (robust),33,0.856,4.681294541358948
9,SPR (robust),34,0.816,4.681294541358948
9,SPR (robust),35,0.792,4.681294541358948
9,SPR (robust),36,0.804,4.681294541358948
9,SPR (robust),37,0.848,4.681294541358948
9,SPR (robust),38,0.904,4.681294541358948
9,SPR (robust),39,0.844,4.681294541358948
9,SPR (robust),40,0.816,4.681294541358948
9,SPR (robust),41,0.832,4.681294541358948
9,SPR (robust),42,0.812,4.681294541358948
9,SPR (robust),43,0.84,4.681294541358948
9,SPR (robust),44,0.868,4.681294541358948
9,SPR (robust),45,0.888,4.681294541358948
9,SPR (robust),46,0.88,4.681294541358948
9,SPR (robust),47,0.816,4.681294541358948
9,SPR (robust),48,0.808,4.681294541358948
9,SPR (robust),49,0.828,4.681294541358948
9,SPR (robust),50,0.888,4.681294541358948
9,IMF (robust),0,1.0,6.170686979293823
9,IMF (robust),1,0.996,6.170686979293823
9,IMF (robust),2,0.992,6.170686979293823
9,IMF (robust),3,0.948,6.170686979293823
9,IMF (robust),4,0.92,6.170686979293823
9,IMF (robust),5,0.956,6.170686979293823
9,IMF (robust),6,0.972,6.170686979293823
9,IMF (robust),7,0.98,6.170686979293823
9,IMF (robust),8,0.976,6.170686979293823
9,IMF (robust),9,0.932,6.170686979293823
9,IMF (robust),10,0.912,6.170686979293823
9,IMF (robust),11,0.924,6.170686979293823
9,IMF (robust),12,0.944,6.170686979293823
9,IMF (robust),13,0.984,6.170686979293823
9,IMF (robust),14,0.98,6.170686979293823
9,IMF (robust),15,0.964,6.170686979293823
9,IMF (robust),16,0.924,6.170686979293823
9,IMF (robust),17,0.944,6.170686979293823
9,IMF (robust),18,0.948,6.170686979293823
9,IMF (robust),19,0.976,6.170686979293823
9,IMF (robust),20,0.972,6.170686979293823
9,IMF (robust),21,0.956,6.170686979293823
9,IMF (robust),22,0.92,6.170686979293823
9,IMF (robust),23,0.904,6.170686979293823
9,IMF (robust),24,0.948,6.170686979293823
9,IMF (robust),25,0.988,6.170686979293823
9,IMF (robust),26,0.992,6.170686979293823
9,IMF (robust),27,0.98,6.170686979293823
9,IMF (robust),28,0.936,6.170686979293823
9,IMF (robust),29,0.94,6.170686979293823
9,IMF (robust),30,0.96,6.170686979293823
9,IMF (robust),31,0.984,6.170686979293823
9,IMF (robust),32,0.984,6.170686979293823
9,IMF (robust),33,0.948,6.170686979293823
9,IMF (robust),34,0.948,6.170686979293823
9,IMF (robust),35,0.924,6.170686979293823
9,IMF (robust),36,0.928,6.170686979293823
9,IMF (robust),37,0.972,6.170686979293823
9,IMF (robust),38,0.984,6.170686979293823
9,IMF (robust),39,0.968,6.170686979293823
9,IMF (robust),40,0.912,6.170686979293823
9,IMF (robust),41,0.932,6.170686979293823
9,IMF (robust),42,0.928,6.170686979293823
9,IMF (robust),43,0.944,6.170686979293823
9,IMF (robust),44,0.972,6.170686979293823
9,IMF (robust),45,0.984,6.170686979293823
9,IMF (robust),46,0.976,6.170686979293823
9,IMF (robust),47,0.936,6.170686979293823
9,IMF (robust),48,0.952,6.170686979293823
9,IMF (robust),49,0.944,6.170686979293823
9,IMF (robust),50,0.972,6.170686979293823
